Схема кузова,ТИП КУЗОВА1,ТИП КУЗОВА2,ТИП КУЗОВА3,ТИП КУЗОВА4,ТИП КУЗОВА5,ТИП КУЗОВА6,ТИП КУЗОВА7,ТИП КУЗОВА8,зона,деталь 1,деталь 2,программа,розібрати/зібрати,усунення перекосу,замінити,зняти/встановити,ремонт,фарбування
"Рис.1 дв, ,  Рис.2дв.",ХЕТЧБЕК 3 двери,ХЕТЧБЕК 5 дверей,КУПЕ,ЛИФТБЭК 5 дверей,СЕДАН,УНИВЕРСАЛ,ВНЕДОРОЖНИК 3 дверный,ВНЕДОРОЖНИК 5 дверный,Бампер задній,Бампер задній,,программа,,,,,,
"Рис.1 дв, ,  Рис.2дв.",ХЕТЧБЕК 3 двери,ХЕТЧБЕК 5 дверей,КУПЕ,ЛИФТБЭК 5 дверей,СЕДАН,УНИВЕРСАЛ,ВНЕДОРОЖНИК 3 дверный,ВНЕДОРОЖНИК 5 дверный,Бампер задній,Деталь бампера заднього,(Додати),,,,замінити,зняти/встановити,ремонт,фарбування
"Рис.1 дв, ,  Рис.2дв.",ХЕТЧБЕК 3 двери,ХЕТЧБЕК 5 дверей,КУПЕ,ЛИФТБЭК 5 дверей,СЕДАН,УНИВЕРСАЛ,ВНЕДОРОЖНИК 3 дверный,ВНЕДОРОЖНИК 5 дверный,Бампер задній,Деталь бампера заднього,Датчик паркування зад. 4шт,,розібрати/зібрати,,замінити,зняти/встановити,ремонт,фарбування
"Рис.1 дв, ,  Рис.2дв.",ХЕТЧБЕК 3 двери,ХЕТЧБЕК 5 дверей,КУПЕ,ЛИФТБЭК 5 дверей,СЕДАН,УНИВЕРСАЛ,ВНЕДОРОЖНИК 3 дверный,ВНЕДОРОЖНИК 5 дверный,Бампер задній,Деталь бампера заднього,Датчик паркування зад. 6шт,,розібрати/зібрати,,замінити,зняти/встановити,ремонт,фарбування
"Рис.1 дв, ,  Рис.2дв.",ХЕТЧБЕК 3 двери,ХЕТЧБЕК 5 дверей,КУПЕ,ЛИФТБЭК 5 дверей,СЕДАН,УНИВЕРСАЛ,ВНЕДОРОЖНИК 3 дверный,ВНЕДОРОЖНИК 5 дверный,Бампер задній,Деталь бампера заднього,Датчик паркування зпд. 2шт,,розібрати/зібрати,,замінити,зняти/встановити,ремонт,фарбування
"Рис.1 дв, ,  Рис.2дв.",ХЕТЧБЕК 3 двери,ХЕТЧБЕК 5 дверей,КУПЕ,ЛИФТБЭК 5 дверей,СЕДАН,УНИВЕРСАЛ,ВНЕДОРОЖНИК 3 дверный,ВНЕДОРОЖНИК 5 дверный,Бампер задній,Деталь бампера заднього,Комплект кліпси бамп.зад.,,,,замінити,зняти/встановити,,
"Рис.1 дв, ,  Рис.2дв.",ХЕТЧБЕК 3 двери,ХЕТЧБЕК 5 дверей,КУПЕ,ЛИФТБЭК 5 дверей,СЕДАН,УНИВЕРСАЛ,ВНЕДОРОЖНИК 3 дверный,ВНЕДОРОЖНИК 5 дверный,Бампер задній,Деталь бампера заднього,Кришка букс.крюка бампера зад.,,,,замінити,зняти/встановити,,фарбування
"Рис.1 дв, ,  Рис.2дв.",ХЕТЧБЕК 3 двери,ХЕТЧБЕК 5 дверей,КУПЕ,ЛИФТБЭК 5 дверей,СЕДАН,УНИВЕРСАЛ,ВНЕДОРОЖНИК 3 дверный,ВНЕДОРОЖНИК 5 дверный,Бампер задній,Деталь бампера заднього,Кронштейн кріплення бамп.зад.лів.,,,,замінити,зняти/встановити,ремонт,
"Рис.1 дв, ,  Рис.2дв.",ХЕТЧБЕК 3 двери,ХЕТЧБЕК 5 дверей,КУПЕ,ЛИФТБЭК 5 дверей,СЕДАН,УНИВЕРСАЛ,ВНЕДОРОЖНИК 3 дверный,ВНЕДОРОЖНИК 5 дверный,Бампер задній,Деталь бампера заднього,Кронштейн кріплення бамп.зад.пр.,,,,замінити,зняти/встановити,ремонт,
"Рис.1 дв, ,  Рис.2дв.",ХЕТЧБЕК 3 двери,ХЕТЧБЕК 5 дверей,КУПЕ,ЛИФТБЭК 5 дверей,СЕДАН,УНИВЕРСАЛ,ВНЕДОРОЖНИК 3 дверный,ВНЕДОРОЖНИК 5 дверный,Бампер задній,Деталь бампера заднього,Направляюча бамп.зад.лів.,,,,замінити,зняти/встановити,ремонт,
"Рис.1 дв, ,  Рис.2дв.",ХЕТЧБЕК 3 двери,ХЕТЧБЕК 5 дверей,КУПЕ,ЛИФТБЭК 5 дверей,СЕДАН,УНИВЕРСАЛ,ВНЕДОРОЖНИК 3 дверный,ВНЕДОРОЖНИК 5 дверный,Бампер задній,Деталь бампера заднього,Направляюча бамп.зад.пр.,,,,замінити,зняти/встановити,ремонт,
"Рис.1 дв, ,  Рис.2дв.",ХЕТЧБЕК 3 двери,ХЕТЧБЕК 5 дверей,КУПЕ,ЛИФТБЭК 5 дверей,СЕДАН,УНИВЕРСАЛ,ВНЕДОРОЖНИК 3 дверный,ВНЕДОРОЖНИК 5 дверный,Бампер задній,Деталь бампера заднього,Катафот бамп.зад.лів.,,,,замінити,зняти/встановити,ремонт,
"Рис.1 дв, ,  Рис.2дв.",ХЕТЧБЕК 3 двери,ХЕТЧБЕК 5 дверей,КУПЕ,ЛИФТБЭК 5 дверей,СЕДАН,УНИВЕРСАЛ,ВНЕДОРОЖНИК 3 дверный,ВНЕДОРОЖНИК 5 дверный,Бампер задній,Деталь бампера заднього,Катафот бамп.зад.пр.,,,,замінити,зняти/встановити,ремонт,
"Рис.1 дв, ,  Рис.2дв.",ХЕТЧБЕК 3 двери,ХЕТЧБЕК 5 дверей,КУПЕ,ЛИФТБЭК 5 дверей,СЕДАН,УНИВЕРСАЛ,ВНЕДОРОЖНИК 3 дверный,ВНЕДОРОЖНИК 5 дверный,Бампер задній,Деталь декор бампера зад.,Молдінг бамп.зад.,,,,замінити,зняти/встановити,ремонт,фарбування
"Рис.1 дв, ,  Рис.2дв.",ХЕТЧБЕК 3 двери,ХЕТЧБЕК 5 дверей,КУПЕ,ЛИФТБЭК 5 дверей,СЕДАН,УНИВЕРСАЛ,ВНЕДОРОЖНИК 3 дверный,ВНЕДОРОЖНИК 5 дверный,Бампер задній,Деталь декор бампера зад.,Молдінг бамп.зад.лів.,,,,замінити,зняти/встановити,ремонт,фарбування
"Рис.1 дв, ,  Рис.2дв.",ХЕТЧБЕК 3 двери,ХЕТЧБЕК 5 дверей,КУПЕ,ЛИФТБЭК 5 дверей,СЕДАН,УНИВЕРСАЛ,ВНЕДОРОЖНИК 3 дверный,ВНЕДОРОЖНИК 5 дверный,Бампер задній,Деталь декор бампера зад.,Молдінг бамп.зад.пр.,,,,замінити,зняти/встановити,ремонт,фарбування
"Рис.1 дв, ,  Рис.2дв.",ХЕТЧБЕК 3 двери,ХЕТЧБЕК 5 дверей,КУПЕ,ЛИФТБЭК 5 дверей,СЕДАН,УНИВЕРСАЛ,ВНЕДОРОЖНИК 3 дверный,ВНЕДОРОЖНИК 5 дверный,Бампер задній,Деталь декор бампера зад.,Накладка бампера зад.,,,,замінити,зняти/встановити,ремонт,фарбування
"Рис.1 дв, ,  Рис.2дв.",ХЕТЧБЕК 3 двери,ХЕТЧБЕК 5 дверей,КУПЕ,ЛИФТБЭК 5 дверей,СЕДАН,УНИВЕРСАЛ,ВНЕДОРОЖНИК 3 дверный,ВНЕДОРОЖНИК 5 дверный,Бампер задній,Деталь декор бампера зад.,Накладка бампера зад.лів.,,,,замінити,зняти/встановити,ремонт,фарбування
"Рис.1 дв, ,  Рис.2дв.",ХЕТЧБЕК 3 двери,ХЕТЧБЕК 5 дверей,КУПЕ,ЛИФТБЭК 5 дверей,СЕДАН,УНИВЕРСАЛ,ВНЕДОРОЖНИК 3 дверный,ВНЕДОРОЖНИК 5 дверный,Бампер задній,Деталь декор бампера зад.,Накладка бампера зад.пр.,,,,замінити,зняти/встановити,ремонт,фарбування
"Рис.1 дв, ,  Рис.2дв.",ХЕТЧБЕК 3 двери,ХЕТЧБЕК 5 дверей,КУПЕ,ЛИФТБЭК 5 дверей,СЕДАН,УНИВЕРСАЛ,ВНЕДОРОЖНИК 3 дверный,ВНЕДОРОЖНИК 5 дверный,Бампер задній,Деталь підсилювача бамп.зад.,(Додати),,,,замінити,зняти/встановити,ремонт,фарбування
"Рис.1 дв, ,  Рис.2дв.",ХЕТЧБЕК 3 двери,ХЕТЧБЕК 5 дверей,КУПЕ,ЛИФТБЭК 5 дверей,СЕДАН,УНИВЕРСАЛ,ВНЕДОРОЖНИК 3 дверный,ВНЕДОРОЖНИК 5 дверный,Бампер задній,Деталь підсилювача бамп.зад.,Підсилювач бампера зад.,,,,замінити,зняти/встановити,ремонт,фарбування
"Рис.1 дв, ,  Рис.2дв.",ХЕТЧБЕК 3 двери,ХЕТЧБЕК 5 дверей,КУПЕ,ЛИФТБЭК 5 дверей,СЕДАН,УНИВЕРСАЛ,ВНЕДОРОЖНИК 3 дверный,ВНЕДОРОЖНИК 5 дверный,Бампер задній,Деталь підсилювача бамп.зад.,Кронштейн підсилювача бамп.зад.лів.,,,,замінити,зняти/встановити,ремонт,фарбування
"Рис.1 дв, ,  Рис.2дв.",ХЕТЧБЕК 3 двери,ХЕТЧБЕК 5 дверей,КУПЕ,ЛИФТБЭК 5 дверей,СЕДАН,УНИВЕРСАЛ,ВНЕДОРОЖНИК 3 дверный,ВНЕДОРОЖНИК 5 дверный,Бампер задній,Деталь підсилювача бамп.зад.,Кронштейн підсилювача бамп.зад.пр.,,,,замінити,зняти/встановити,ремонт,фарбування
"Рис.1 дв, ,  Рис.2дв.",ХЕТЧБЕК 3 двери,ХЕТЧБЕК 5 дверей,КУПЕ,ЛИФТБЭК 5 дверей,СЕДАН,УНИВЕРСАЛ,ВНЕДОРОЖНИК 3 дверный,ВНЕДОРОЖНИК 5 дверный,Бампер передній,Бампер передній,,программа,,,,,,
"Рис.1 дв, ,  Рис.2дв.",ХЕТЧБЕК 3 двери,ХЕТЧБЕК 5 дверей,КУПЕ,ЛИФТБЭК 5 дверей,СЕДАН,УНИВЕРСАЛ,ВНЕДОРОЖНИК 3 дверный,ВНЕДОРОЖНИК 5 дверный,Бампер передній,Деталь бампера переднього,(Додати),,,,замінити,зняти/встановити,ремонт,фарбування
"Рис.1 дв, ,  Рис.2дв.",ХЕТЧБЕК 3 двери,ХЕТЧБЕК 5 дверей,КУПЕ,ЛИФТБЭК 5 дверей,СЕДАН,УНИВЕРСАЛ,ВНЕДОРОЖНИК 3 дверный,ВНЕДОРОЖНИК 5 дверный,Бампер передній,Деталь бампера переднього,Датчик паркування пер. 2шт,,розібрати/зібрати,,замінити,зняти/встановити,ремонт,фарбування
"Рис.1 дв, ,  Рис.2дв.",ХЕТЧБЕК 3 двери,ХЕТЧБЕК 5 дверей,КУПЕ,ЛИФТБЭК 5 дверей,СЕДАН,УНИВЕРСАЛ,ВНЕДОРОЖНИК 3 дверный,ВНЕДОРОЖНИК 5 дверный,Бампер передній,Деталь бампера переднього,Датчик паркування пер. 4шт,,розібрати/зібрати,,замінити,зняти/встановити,ремонт,фарбування
"Рис.1 дв, ,  Рис.2дв.",ХЕТЧБЕК 3 двери,ХЕТЧБЕК 5 дверей,КУПЕ,ЛИФТБЭК 5 дверей,СЕДАН,УНИВЕРСАЛ,ВНЕДОРОЖНИК 3 дверный,ВНЕДОРОЖНИК 5 дверный,Бампер передній,Деталь бампера переднього,Датчик паркування пер. 6шт,,розібрати/зібрати,,замінити,зняти/встановити,ремонт,фарбування
"Рис.1 дв, ,  Рис.2дв.",ХЕТЧБЕК 3 двери,ХЕТЧБЕК 5 дверей,КУПЕ,ЛИФТБЭК 5 дверей,СЕДАН,УНИВЕРСАЛ,ВНЕДОРОЖНИК 3 дверный,ВНЕДОРОЖНИК 5 дверный,Бампер передній,Деталь бампера переднього,Додаткова оптика бамп.пер.лів.,,,,замінити,зняти/встановити,ремонт,
"Рис.1 дв, ,  Рис.2дв.",ХЕТЧБЕК 3 двери,ХЕТЧБЕК 5 дверей,КУПЕ,ЛИФТБЭК 5 дверей,СЕДАН,УНИВЕРСАЛ,ВНЕДОРОЖНИК 3 дверный,ВНЕДОРОЖНИК 5 дверный,Бампер передній,Деталь бампера переднього,Додаткова оптика бамп.пер.пр.,,,,замінити,зняти/встановити,ремонт,
"Рис.1 дв, ,  Рис.2дв.",ХЕТЧБЕК 3 двери,ХЕТЧБЕК 5 дверей,КУПЕ,ЛИФТБЭК 5 дверей,СЕДАН,УНИВЕРСАЛ,ВНЕДОРОЖНИК 3 дверный,ВНЕДОРОЖНИК 5 дверный,Бампер передній,Деталь бампера переднього,Комплект кліпси бамп.пер.,,,,замінити,зняти/встановити,,
"Рис.1 дв, ,  Рис.2дв.",ХЕТЧБЕК 3 двери,ХЕТЧБЕК 5 дверей,КУПЕ,ЛИФТБЭК 5 дверей,СЕДАН,УНИВЕРСАЛ,ВНЕДОРОЖНИК 3 дверный,ВНЕДОРОЖНИК 5 дверный,Бампер передній,Деталь бампера переднього,Кришка букс.крюка,,,,замінити,зняти/встановити,ремонт,фарбування
"Рис.1 дв, ,  Рис.2дв.",ХЕТЧБЕК 3 двери,ХЕТЧБЕК 5 дверей,КУПЕ,ЛИФТБЭК 5 дверей,СЕДАН,УНИВЕРСАЛ,ВНЕДОРОЖНИК 3 дверный,ВНЕДОРОЖНИК 5 дверный,Бампер передній,Деталь бампера переднього,Кришка омивача фар лів.,,розібрати/зібрати,,замінити,зняти/встановити,ремонт,фарбування
"Рис.1 дв, ,  Рис.2дв.",ХЕТЧБЕК 3 двери,ХЕТЧБЕК 5 дверей,КУПЕ,ЛИФТБЭК 5 дверей,СЕДАН,УНИВЕРСАЛ,ВНЕДОРОЖНИК 3 дверный,ВНЕДОРОЖНИК 5 дверный,Бампер передній,Деталь бампера переднього,Кришка омивача фар пр.,,розібрати/зібрати,,замінити,зняти/встановити,ремонт,фарбування
"Рис.1 дв, ,  Рис.2дв.",ХЕТЧБЕК 3 двери,ХЕТЧБЕК 5 дверей,КУПЕ,ЛИФТБЭК 5 дверей,СЕДАН,УНИВЕРСАЛ,ВНЕДОРОЖНИК 3 дверный,ВНЕДОРОЖНИК 5 дверный,Бампер передній,Деталь бампера переднього,Кронштейн кріплення бамп.пер.лів.,,,,замінити,зняти/встановити,ремонт,
"Рис.1 дв, ,  Рис.2дв.",ХЕТЧБЕК 3 двери,ХЕТЧБЕК 5 дверей,КУПЕ,ЛИФТБЭК 5 дверей,СЕДАН,УНИВЕРСАЛ,ВНЕДОРОЖНИК 3 дверный,ВНЕДОРОЖНИК 5 дверный,Бампер передній,Деталь бампера переднього,Кронштейн кріплення бамп.пер.пр.,,,,замінити,зняти/встановити,ремонт,
"Рис.1 дв, ,  Рис.2дв.",ХЕТЧБЕК 3 двери,ХЕТЧБЕК 5 дверей,КУПЕ,ЛИФТБЭК 5 дверей,СЕДАН,УНИВЕРСАЛ,ВНЕДОРОЖНИК 3 дверный,ВНЕДОРОЖНИК 5 дверный,Бампер передній,Деталь бампера переднього,Направляюча бамп.пер.лів.,,,,замінити,зняти/встановити,ремонт,
"Рис.1 дв, ,  Рис.2дв.",ХЕТЧБЕК 3 двери,ХЕТЧБЕК 5 дверей,КУПЕ,ЛИФТБЭК 5 дверей,СЕДАН,УНИВЕРСАЛ,ВНЕДОРОЖНИК 3 дверный,ВНЕДОРОЖНИК 5 дверный,Бампер передній,Деталь бампера переднього,Направляюча бамп.пер.пр.,,,,замінити,зняти/встановити,ремонт,
"Рис.1 дв, ,  Рис.2дв.",ХЕТЧБЕК 3 двери,ХЕТЧБЕК 5 дверей,КУПЕ,ЛИФТБЭК 5 дверей,СЕДАН,УНИВЕРСАЛ,ВНЕДОРОЖНИК 3 дверный,ВНЕДОРОЖНИК 5 дверный,Бампер передній,Деталь бампера переднього,ПТФ бампера пер.лів.,,,,замінити,зняти/встановити,ремонт,
"Рис.1 дв, ,  Рис.2дв.",ХЕТЧБЕК 3 двери,ХЕТЧБЕК 5 дверей,КУПЕ,ЛИФТБЭК 5 дверей,СЕДАН,УНИВЕРСАЛ,ВНЕДОРОЖНИК 3 дверный,ВНЕДОРОЖНИК 5 дверный,Бампер передній,Деталь бампера переднього,ПТФ бампера пер.пр.,,,,замінити,зняти/встановити,ремонт,
"Рис.1 дв, ,  Рис.2дв.",ХЕТЧБЕК 3 двери,ХЕТЧБЕК 5 дверей,КУПЕ,ЛИФТБЭК 5 дверей,СЕДАН,УНИВЕРСАЛ,ВНЕДОРОЖНИК 3 дверный,ВНЕДОРОЖНИК 5 дверный,Бампер передній,Деталь бампера переднього,Решітка бамп.пер.лів.,,,,замінити,зняти/встановити,ремонт,фарбування
"Рис.1 дв, ,  Рис.2дв.",ХЕТЧБЕК 3 двери,ХЕТЧБЕК 5 дверей,КУПЕ,ЛИФТБЭК 5 дверей,СЕДАН,УНИВЕРСАЛ,ВНЕДОРОЖНИК 3 дверный,ВНЕДОРОЖНИК 5 дверный,Бампер передній,Деталь бампера переднього,Решітка бамп.пер.пр.,,,,замінити,зняти/встановити,ремонт,фарбування
"Рис.1 дв, ,  Рис.2дв.",ХЕТЧБЕК 3 двери,ХЕТЧБЕК 5 дверей,КУПЕ,ЛИФТБЭК 5 дверей,СЕДАН,УНИВЕРСАЛ,ВНЕДОРОЖНИК 3 дверный,ВНЕДОРОЖНИК 5 дверный,Бампер передній,Деталь бампера переднього,Решітка бамп.пер.центр.,,,,замінити,зняти/встановити,ремонт,фарбування
"Рис.1 дв, ,  Рис.2дв.",ХЕТЧБЕК 3 двери,ХЕТЧБЕК 5 дверей,КУПЕ,ЛИФТБЭК 5 дверей,СЕДАН,УНИВЕРСАЛ,ВНЕДОРОЖНИК 3 дверный,ВНЕДОРОЖНИК 5 дверный,Бампер передній,Деталь бампера переднього,Решітка бампера пер.,,,,замінити,зняти/встановити,ремонт,фарбування
"Рис.1 дв, ,  Рис.2дв.",ХЕТЧБЕК 3 двери,ХЕТЧБЕК 5 дверей,КУПЕ,ЛИФТБЭК 5 дверей,СЕДАН,УНИВЕРСАЛ,ВНЕДОРОЖНИК 3 дверный,ВНЕДОРОЖНИК 5 дверный,Бампер передній,Деталь бампера переднього,Решітка бампера пер.,,,,замінити,зняти/встановити,ремонт,фарбування
"Рис.1 дв, ,  Рис.2дв.",ХЕТЧБЕК 3 двери,ХЕТЧБЕК 5 дверей,КУПЕ,ЛИФТБЭК 5 дверей,СЕДАН,УНИВЕРСАЛ,ВНЕДОРОЖНИК 3 дверный,ВНЕДОРОЖНИК 5 дверный,Бампер передній,Деталь декор бампера пер.,Молдінг баип.пер.,,,,замінити,зняти/встановити,ремонт,фарбування
"Рис.1 дв, ,  Рис.2дв.",ХЕТЧБЕК 3 двери,ХЕТЧБЕК 5 дверей,КУПЕ,ЛИФТБЭК 5 дверей,СЕДАН,УНИВЕРСАЛ,ВНЕДОРОЖНИК 3 дверный,ВНЕДОРОЖНИК 5 дверный,Бампер передній,Деталь декор бампера пер.,Молдінг баип.пер.,,,,замінити,зняти/встановити,ремонт,фарбування
"Рис.1 дв, ,  Рис.2дв.",ХЕТЧБЕК 3 двери,ХЕТЧБЕК 5 дверей,КУПЕ,ЛИФТБЭК 5 дверей,СЕДАН,УНИВЕРСАЛ,ВНЕДОРОЖНИК 3 дверный,ВНЕДОРОЖНИК 5 дверный,Бампер передній,Деталь декор бампера пер.,Молдінг баип.пер.лів.,,,,замінити,зняти/встановити,ремонт,фарбування
"Рис.1 дв, ,  Рис.2дв.",ХЕТЧБЕК 3 двери,ХЕТЧБЕК 5 дверей,КУПЕ,ЛИФТБЭК 5 дверей,СЕДАН,УНИВЕРСАЛ,ВНЕДОРОЖНИК 3 дверный,ВНЕДОРОЖНИК 5 дверный,Бампер передній,Деталь декор бампера пер.,Молдінг баип.пер.пр.,,,,замінити,зняти/встановити,ремонт,фарбування
"Рис.1 дв, ,  Рис.2дв.",ХЕТЧБЕК 3 двери,ХЕТЧБЕК 5 дверей,КУПЕ,ЛИФТБЭК 5 дверей,СЕДАН,УНИВЕРСАЛ,ВНЕДОРОЖНИК 3 дверный,ВНЕДОРОЖНИК 5 дверный,Бампер передній,Деталь декор бампера пер.,Накладка бампера пер.,,,,замінити,зняти/встановити,ремонт,фарбування
"Рис.1 дв, ,  Рис.2дв.",ХЕТЧБЕК 3 двери,ХЕТЧБЕК 5 дверей,КУПЕ,ЛИФТБЭК 5 дверей,СЕДАН,УНИВЕРСАЛ,ВНЕДОРОЖНИК 3 дверный,ВНЕДОРОЖНИК 5 дверный,Бампер передній,Деталь декор бампера пер.,Накладка бампера пер.лів.,,,,замінити,зняти/встановити,ремонт,фарбування
"Рис.1 дв, ,  Рис.2дв.",ХЕТЧБЕК 3 двери,ХЕТЧБЕК 5 дверей,КУПЕ,ЛИФТБЭК 5 дверей,СЕДАН,УНИВЕРСАЛ,ВНЕДОРОЖНИК 3 дверный,ВНЕДОРОЖНИК 5 дверный,Бампер передній,Деталь декор бампера пер.,Накладка бампера пер.пр.,,,,замінити,зняти/встановити,ремонт,фарбування
"Рис.1 дв, ,  Рис.2дв.",ХЕТЧБЕК 3 двери,ХЕТЧБЕК 5 дверей,КУПЕ,ЛИФТБЭК 5 дверей,СЕДАН,УНИВЕРСАЛ,ВНЕДОРОЖНИК 3 дверный,ВНЕДОРОЖНИК 5 дверный,Бампер передній,Деталь підсилювача бамп.пер.,(Додати),,,,замінити,зняти/встановити,ремонт,фарбування
"Рис.1 дв, ,  Рис.2дв.",ХЕТЧБЕК 3 двери,ХЕТЧБЕК 5 дверей,КУПЕ,ЛИФТБЭК 5 дверей,СЕДАН,УНИВЕРСАЛ,ВНЕДОРОЖНИК 3 дверный,ВНЕДОРОЖНИК 5 дверный,Бампер передній,Деталь підсилювача бамп.пер.,Кронштейн підсилювача бамп.пер.лів.,,,,замінити,зняти/встановити,ремонт,фарбування
"Рис.1 дв, ,  Рис.2дв.",ХЕТЧБЕК 3 двери,ХЕТЧБЕК 5 дверей,КУПЕ,ЛИФТБЭК 5 дверей,СЕДАН,УНИВЕРСАЛ,ВНЕДОРОЖНИК 3 дверный,ВНЕДОРОЖНИК 5 дверный,Бампер передній,Деталь підсилювача бамп.пер.,Кронштейн підсилювача бамп.пер.пр.,,,,замінити,зняти/встановити,ремонт,фарбування
"Рис.1 дв, ,  Рис.2дв.",ХЕТЧБЕК 3 двери,ХЕТЧБЕК 5 дверей,КУПЕ,ЛИФТБЭК 5 дверей,СЕДАН,УНИВЕРСАЛ,ВНЕДОРОЖНИК 3 дверный,ВНЕДОРОЖНИК 5 дверный,Бампер передній,Деталь підсилювача бамп.пер.,Підсилювач бампера пер.,,,,замінити,зняти/встановити,ремонт,фарбування
"Рис.1 дв, ,  Рис.2дв.",ХЕТЧБЕК 3 двери,ХЕТЧБЕК 5 дверей,КУПЕ,ЛИФТБЭК 5 дверей,СЕДАН,УНИВЕРСАЛ,ВНЕДОРОЖНИК 3 дверный,ВНЕДОРОЖНИК 5 дверный,Боковина ліва,Боковина ліва,,,розібрати/зібрати,усунення перекосу,замінити,,ремонт,фарбування
"Рис.1 дв, ,  Рис.2дв.",ХЕТЧБЕК 3 двери,ХЕТЧБЕК 5 дверей,КУПЕ,ЛИФТБЭК 5 дверей,СЕДАН,УНИВЕРСАЛ,ВНЕДОРОЖНИК 3 дверный,ВНЕДОРОЖНИК 5 дверный,Боковина ліва,Порог лівий,,,розібрати/зібрати,,замінити,,ремонт,фарбування
"Рис.1 дв, ,  Рис.2дв.",,ХЕТЧБЕК 5 дверей,,ЛИФТБЭК 5 дверей,СЕДАН,УНИВЕРСАЛ,,ВНЕДОРОЖНИК 5 дверный,Боковина ліва,Проєм дверей зад.лів.,,,розібрати/зібрати,усунення перекосу,замінити,,ремонт,фарбування
"Рис.1 дв, ,  Рис.2дв.",ХЕТЧБЕК 3 двери,ХЕТЧБЕК 5 дверей,КУПЕ,ЛИФТБЭК 5 дверей,СЕДАН,УНИВЕРСАЛ,ВНЕДОРОЖНИК 3 дверный,ВНЕДОРОЖНИК 5 дверный,Боковина ліва,Проєм дверей пер.лів.,,,розібрати/зібрати,усунення перекосу,замінити,,ремонт,фарбування
"Рис.1 дв, ,  Рис.2дв.",ХЕТЧБЕК 3 двери,ХЕТЧБЕК 5 дверей,КУПЕ,ЛИФТБЭК 5 дверей,СЕДАН,УНИВЕРСАЛ,ВНЕДОРОЖНИК 3 дверный,ВНЕДОРОЖНИК 5 дверный,Боковина ліва,Стійка передня бок.лів.,,,розібрати/зібрати,усунення перекосу,замінити,,ремонт,фарбування
"Рис.1 дв, ,  Рис.2дв.",,ХЕТЧБЕК 5 дверей,,ЛИФТБЭК 5 дверей,СЕДАН,УНИВЕРСАЛ,,ВНЕДОРОЖНИК 5 дверный,Боковина ліва,Стійка центарльна бок.лів.,,,розібрати/зібрати,усунення перекосу,замінити,,ремонт,фарбування
"Рис.1 дв, ,  Рис.2дв.",ХЕТЧБЕК 3 двери,ХЕТЧБЕК 5 дверей,КУПЕ,ЛИФТБЭК 5 дверей,СЕДАН,УНИВЕРСАЛ,ВНЕДОРОЖНИК 3 дверный,ВНЕДОРОЖНИК 5 дверный,Боковина ліва,Деталі боковини лів.,(Додати),,розібрати/зібрати,усунення перекосу,замінити,зняти/встановити,ремонт,фарбування
"Рис.1 дв, ,  Рис.2дв.",ХЕТЧБЕК 3 двери,ХЕТЧБЕК 5 дверей,КУПЕ,ЛИФТБЭК 5 дверей,СЕДАН,УНИВЕРСАЛ,ВНЕДОРОЖНИК 3 дверный,ВНЕДОРОЖНИК 5 дверный,Боковина ліва,Деталі боковини лів.,Підсилювач порога лів.,,розібрати/зібрати,усунення перекосу,замінити,,ремонт,фарбування
"Рис.1 дв, ,  Рис.2дв.",ХЕТЧБЕК 3 двери,ХЕТЧБЕК 5 дверей,КУПЕ,ЛИФТБЭК 5 дверей,СЕДАН,УНИВЕРСАЛ,ВНЕДОРОЖНИК 3 дверный,ВНЕДОРОЖНИК 5 дверный,Боковина права,Боковина права,,,розібрати/зібрати,усунення перекосу,замінити,зняти/встановити,ремонт,фарбування
"Рис.1 дв, ,  Рис.2дв.",ХЕТЧБЕК 3 двери,ХЕТЧБЕК 5 дверей,КУПЕ,ЛИФТБЭК 5 дверей,СЕДАН,УНИВЕРСАЛ,ВНЕДОРОЖНИК 3 дверный,ВНЕДОРОЖНИК 5 дверный,Боковина права,Порог правий,,,розібрати/зібрати,,замінити,,ремонт,фарбування
"Рис.1 дв, ,  Рис.2дв.",,ХЕТЧБЕК 5 дверей,,ЛИФТБЭК 5 дверей,СЕДАН,УНИВЕРСАЛ,,ВНЕДОРОЖНИК 5 дверный,Боковина права,Проєм дверей зад.пр.,,,розібрати/зібрати,усунення перекосу,замінити,,ремонт,фарбування
"Рис.1 дв, ,  Рис.2дв.",ХЕТЧБЕК 3 двери,ХЕТЧБЕК 5 дверей,КУПЕ,ЛИФТБЭК 5 дверей,СЕДАН,УНИВЕРСАЛ,ВНЕДОРОЖНИК 3 дверный,ВНЕДОРОЖНИК 5 дверный,Боковина права,Проєм дверей пер.пр.,,,розібрати/зібрати,усунення перекосу,замінити,,ремонт,фарбування
"Рис.1 дв, ,  Рис.2дв.",ХЕТЧБЕК 3 двери,ХЕТЧБЕК 5 дверей,КУПЕ,ЛИФТБЭК 5 дверей,СЕДАН,УНИВЕРСАЛ,ВНЕДОРОЖНИК 3 дверный,ВНЕДОРОЖНИК 5 дверный,Боковина права,Стійка передня бок.пр.,,,розібрати/зібрати,усунення перекосу,замінити,,ремонт,фарбування
"Рис.1 дв, ,  Рис.2дв.",,ХЕТЧБЕК 5 дверей,,ЛИФТБЭК 5 дверей,СЕДАН,УНИВЕРСАЛ,,ВНЕДОРОЖНИК 5 дверный,Боковина права,Стійка центарльна бок.пр.,,,розібрати/зібрати,усунення перекосу,замінити,,ремонт,фарбування
"Рис.1 дв, ,  Рис.2дв.",ХЕТЧБЕК 3 двери,ХЕТЧБЕК 5 дверей,КУПЕ,ЛИФТБЭК 5 дверей,СЕДАН,УНИВЕРСАЛ,ВНЕДОРОЖНИК 3 дверный,ВНЕДОРОЖНИК 5 дверный,Боковина права,Деталі боковини пр.,(Додати),,,,замінити,зняти/встановити,ремонт,фарбування
"Рис.1 дв, ,  Рис.2дв.",ХЕТЧБЕК 3 двери,ХЕТЧБЕК 5 дверей,КУПЕ,ЛИФТБЭК 5 дверей,СЕДАН,УНИВЕРСАЛ,ВНЕДОРОЖНИК 3 дверный,ВНЕДОРОЖНИК 5 дверный,Боковина права,Деталі боковини пр.,Підсилювач порога пр.,,,,замінити,,ремонт,
"Рис.1 дв, ,  Рис.2дв.",ХЕТЧБЕК 3 двери,ХЕТЧБЕК 5 дверей,КУПЕ,ЛИФТБЭК 5 дверей,СЕДАН,УНИВЕРСАЛ,ВНЕДОРОЖНИК 3 дверный,ВНЕДОРОЖНИК 5 дверный,Дах,Дах,,программа,,,,,,
"Рис.1 дв, ,  Рис.2дв.",ХЕТЧБЕК 3 двери,ХЕТЧБЕК 5 дверей,КУПЕ,ЛИФТБЭК 5 дверей,СЕДАН,УНИВЕРСАЛ,ВНЕДОРОЖНИК 3 дверный,ВНЕДОРОЖНИК 5 дверный,Дах,Деталі салону,Панель приладів,,розібрати/зібрати,,замінити,зняти/встановити,ремонт,
"Рис.1 дв, ,  Рис.2дв.",ХЕТЧБЕК 3 двери,ХЕТЧБЕК 5 дверей,КУПЕ,ЛИФТБЭК 5 дверей,СЕДАН,УНИВЕРСАЛ,ВНЕДОРОЖНИК 3 дверный,ВНЕДОРОЖНИК 5 дверный,Дах,Деталі даху,Проєм даху,,розібрати/зібрати,усунення перекосу,,,ремонт,
,,,,,,,,,Дах,Деталі даху,Підсилювач даху,,,,замінити,,ремонт,
,,,,,,,,,Дах,Деталі даху,(Додати),,розібрати/зібрати,,замінити,зняти/встановити,ремонт,
"Рис.1 дв, ,  Рис.2дв.",ХЕТЧБЕК 3 двери,ХЕТЧБЕК 5 дверей,КУПЕ,ЛИФТБЭК 5 дверей,СЕДАН,УНИВЕРСАЛ,ВНЕДОРОЖНИК 3 дверный,ВНЕДОРОЖНИК 5 дверный,Дах,Деталі безпека,(Додати),,,,замінити,зняти/встановити,ремонт,
"Рис.1 дв, ,  Рис.2дв.",ХЕТЧБЕК 3 двери,ХЕТЧБЕК 5 дверей,КУПЕ,ЛИФТБЭК 5 дверей,СЕДАН,УНИВЕРСАЛ,ВНЕДОРОЖНИК 3 дверный,ВНЕДОРОЖНИК 5 дверный,Дах,Деталі безпека,Подушка безпеки бокова лів.,,,,замінити,зняти/встановити,,
"Рис.1 дв, ,  Рис.2дв.",ХЕТЧБЕК 3 двери,ХЕТЧБЕК 5 дверей,КУПЕ,ЛИФТБЭК 5 дверей,СЕДАН,УНИВЕРСАЛ,ВНЕДОРОЖНИК 3 дверный,ВНЕДОРОЖНИК 5 дверный,Дах,Деталі безпека,Подушка безпеки бокова пр.,,,,замінити,зняти/встановити,,
"Рис.1 дв, ,  Рис.2дв.",ХЕТЧБЕК 3 двери,ХЕТЧБЕК 5 дверей,КУПЕ,ЛИФТБЭК 5 дверей,СЕДАН,УНИВЕРСАЛ,ВНЕДОРОЖНИК 3 дверный,ВНЕДОРОЖНИК 5 дверный,Дах,Деталі безпека,Подушка безпеки в рулі,,,,замінити,зняти/встановити,,
"Рис.1 дв, ,  Рис.2дв.",ХЕТЧБЕК 3 двери,ХЕТЧБЕК 5 дверей,КУПЕ,ЛИФТБЭК 5 дверей,СЕДАН,УНИВЕРСАЛ,ВНЕДОРОЖНИК 3 дверный,ВНЕДОРОЖНИК 5 дверный,Дах,Деталі безпека,Подушка безпеки в сидінні пер.лів.,,,,замінити,зняти/встановити,,
"Рис.1 дв, ,  Рис.2дв.",ХЕТЧБЕК 3 двери,ХЕТЧБЕК 5 дверей,КУПЕ,ЛИФТБЭК 5 дверей,СЕДАН,УНИВЕРСАЛ,ВНЕДОРОЖНИК 3 дверный,ВНЕДОРОЖНИК 5 дверный,Дах,Деталі безпека,Подушка безпеки в сидінні пер.пр.,,,,замінити,зняти/встановити,,
"Рис.1 дв, ,  Рис.2дв.",ХЕТЧБЕК 3 двери,ХЕТЧБЕК 5 дверей,КУПЕ,ЛИФТБЭК 5 дверей,СЕДАН,УНИВЕРСАЛ,ВНЕДОРОЖНИК 3 дверный,ВНЕДОРОЖНИК 5 дверный,Дах,Деталі безпека,Подушка безпеки пасажира пер.,,,,замінити,зняти/встановити,,
"Рис.1 дв, ,  Рис.2дв.",ХЕТЧБЕК 3 двери,ХЕТЧБЕК 5 дверей,КУПЕ,ЛИФТБЭК 5 дверей,СЕДАН,УНИВЕРСАЛ,ВНЕДОРОЖНИК 3 дверный,ВНЕДОРОЖНИК 5 дверный,Дах,Деталі безпека,Ремень безпеки зад.лів.,,,,замінити,зняти/встановити,,
"Рис.1 дв, ,  Рис.2дв.",ХЕТЧБЕК 3 двери,ХЕТЧБЕК 5 дверей,КУПЕ,ЛИФТБЭК 5 дверей,СЕДАН,УНИВЕРСАЛ,ВНЕДОРОЖНИК 3 дверный,ВНЕДОРОЖНИК 5 дверный,Дах,Деталі безпека,Ремень безпеки зад.пр.,,,,замінити,зняти/встановити,,
"Рис.1 дв, ,  Рис.2дв.",ХЕТЧБЕК 3 двери,ХЕТЧБЕК 5 дверей,КУПЕ,ЛИФТБЭК 5 дверей,СЕДАН,УНИВЕРСАЛ,ВНЕДОРОЖНИК 3 дверный,ВНЕДОРОЖНИК 5 дверный,Дах,Деталі безпека,Ремень безпеки зад.центр.,,,,замінити,зняти/встановити,,
"Рис.1 дв, ,  Рис.2дв.",ХЕТЧБЕК 3 двери,ХЕТЧБЕК 5 дверей,КУПЕ,ЛИФТБЭК 5 дверей,СЕДАН,УНИВЕРСАЛ,ВНЕДОРОЖНИК 3 дверный,ВНЕДОРОЖНИК 5 дверный,Дах,Деталі безпека,Ремень безпеки пер.лів.,,,,замінити,зняти/встановити,,
"Рис.1 дв, ,  Рис.2дв.",ХЕТЧБЕК 3 двери,ХЕТЧБЕК 5 дверей,КУПЕ,ЛИФТБЭК 5 дверей,СЕДАН,УНИВЕРСАЛ,ВНЕДОРОЖНИК 3 дверный,ВНЕДОРОЖНИК 5 дверный,Дах,Деталі безпека,Ремень безпеки пер.пр.,,,,замінити,зняти/встановити,,
"Рис.1 дв, ,  Рис.2дв.",ХЕТЧБЕК 3 двери,ХЕТЧБЕК 5 дверей,КУПЕ,ЛИФТБЭК 5 дверей,СЕДАН,УНИВЕРСАЛ,ВНЕДОРОЖНИК 3 дверный,ВНЕДОРОЖНИК 5 дверный,Дах,Деталі панелі приладів,(Додати),,,,замінити,зняти/встановити,ремонт,
"Рис.1 дв, ,  Рис.2дв.",ХЕТЧБЕК 3 двери,ХЕТЧБЕК 5 дверей,КУПЕ,ЛИФТБЭК 5 дверей,СЕДАН,УНИВЕРСАЛ,ВНЕДОРОЖНИК 3 дверный,ВНЕДОРОЖНИК 5 дверный,Дах,Деталі проводки салону,(Додати),,,,замінити,зняти/встановити,ремонт,
"Рис.1 дв, ,  Рис.2дв.",ХЕТЧБЕК 3 двери,ХЕТЧБЕК 5 дверей,КУПЕ,ЛИФТБЭК 5 дверей,СЕДАН,УНИВЕРСАЛ,ВНЕДОРОЖНИК 3 дверный,ВНЕДОРОЖНИК 5 дверный,Дах,Деталі проводки салону,Проводка салону,,,,замінити,зняти/встановити,ремонт,
"Рис.1 дв, ,  Рис.2дв.",ХЕТЧБЕК 3 двери,ХЕТЧБЕК 5 дверей,КУПЕ,ЛИФТБЭК 5 дверей,СЕДАН,УНИВЕРСАЛ,ВНЕДОРОЖНИК 3 дверный,ВНЕДОРОЖНИК 5 дверный,Дах,Деталі салону,(Додати),,,,замінити,зняти/встановити,ремонт,
"Рис.1 дв, ,  Рис.2дв.",ХЕТЧБЕК 3 двери,ХЕТЧБЕК 5 дверей,КУПЕ,ЛИФТБЭК 5 дверей,СЕДАН,УНИВЕРСАЛ,ВНЕДОРОЖНИК 3 дверный,ВНЕДОРОЖНИК 5 дверный,Дах,Деталі салону,Коврики,,,,замінити,зняти/встановити,,
"Рис.1 дв, ,  Рис.2дв.",ХЕТЧБЕК 3 двери,ХЕТЧБЕК 5 дверей,КУПЕ,ЛИФТБЭК 5 дверей,СЕДАН,УНИВЕРСАЛ,ВНЕДОРОЖНИК 3 дверный,ВНЕДОРОЖНИК 5 дверный,Дах,Деталі салону,Обшивка даху,,,,замінити,зняти/встановити,ремонт,
"Рис.1 дв, ,  Рис.2дв.",ХЕТЧБЕК 3 двери,ХЕТЧБЕК 5 дверей,КУПЕ,ЛИФТБЭК 5 дверей,СЕДАН,УНИВЕРСАЛ,ВНЕДОРОЖНИК 3 дверный,ВНЕДОРОЖНИК 5 дверный,Дах,Деталі салону,Обшивка підлоги,,,,замінити,зняти/встановити,ремонт,
"Рис.1 дв, ,  Рис.2дв.",ХЕТЧБЕК 3 двери,ХЕТЧБЕК 5 дверей,КУПЕ,ЛИФТБЭК 5 дверей,СЕДАН,УНИВЕРСАЛ,ВНЕДОРОЖНИК 3 дверный,ВНЕДОРОЖНИК 5 дверный,Дах,Деталі салону,Салон,,,,замінити,зняти/встановити,ремонт,
"Рис.1 дв, ,  Рис.2дв.",ХЕТЧБЕК 3 двери,ХЕТЧБЕК 5 дверей,КУПЕ,ЛИФТБЭК 5 дверей,СЕДАН,УНИВЕРСАЛ,ВНЕДОРОЖНИК 3 дверный,ВНЕДОРОЖНИК 5 дверный,Дах,Деталі салону,Сидіння,,,,замінити,зняти/встановити,ремонт,
"Рис.1 дв, ,  Рис.2дв.",ХЕТЧБЕК 3 двери,ХЕТЧБЕК 5 дверей,КУПЕ,ЛИФТБЭК 5 дверей,СЕДАН,УНИВЕРСАЛ,ВНЕДОРОЖНИК 3 дверный,ВНЕДОРОЖНИК 5 дверный,Дах,Деталі салону,Сидіння заднє,,,,замінити,зняти/встановити,ремонт,
"Рис.1 дв, ,  Рис.2дв.",ХЕТЧБЕК 3 двери,ХЕТЧБЕК 5 дверей,КУПЕ,ЛИФТБЭК 5 дверей,СЕДАН,УНИВЕРСАЛ,ВНЕДОРОЖНИК 3 дверный,ВНЕДОРОЖНИК 5 дверный,Дах,Деталі салону,Сидіння пер.лів.,,,,замінити,зняти/встановити,ремонт,
"Рис.1 дв, ,  Рис.2дв.",ХЕТЧБЕК 3 двери,ХЕТЧБЕК 5 дверей,КУПЕ,ЛИФТБЭК 5 дверей,СЕДАН,УНИВЕРСАЛ,ВНЕДОРОЖНИК 3 дверный,ВНЕДОРОЖНИК 5 дверный,Дах,Деталі салону,Сидіння пер.пр.,,,,замінити,зняти/встановити,ремонт,
Рис.2дв.,ХЕТЧБЕК 3 двери,ХЕТЧБЕК 5 дверей,,ЛИФТБЭК 5 дверей,,УНИВЕРСАЛ,ВНЕДОРОЖНИК 3 дверный,ВНЕДОРОЖНИК 5 дверный,Двері багажника,Двері багажника,,программа,,,,,,
Рис.2дв.,ХЕТЧБЕК 3 двери,ХЕТЧБЕК 5 дверей,,ЛИФТБЭК 5 дверей,,УНИВЕРСАЛ,ВНЕДОРОЖНИК 3 дверный,ВНЕДОРОЖНИК 5 дверный,Двері багажника,Деталі дверей багажника,Каркас дверей зад.лів.,,розібрати/зібрати,усунення перекосу,,,ремонт,фарбування
Рис.2дв.,ХЕТЧБЕК 3 двери,ХЕТЧБЕК 5 дверей,,ЛИФТБЭК 5 дверей,,УНИВЕРСАЛ,ВНЕДОРОЖНИК 3 дверный,ВНЕДОРОЖНИК 5 дверный,Двері багажника,Деталі дверей багажника,(Додати),,,,замінити,зняти/встановити,ремонт,фарбування
Рис.2дв.,ХЕТЧБЕК 3 двери,ХЕТЧБЕК 5 дверей,,ЛИФТБЭК 5 дверей,,УНИВЕРСАЛ,ВНЕДОРОЖНИК 3 дверный,ВНЕДОРОЖНИК 5 дверный,Двері багажника,Деталі дверей багажника,Замок дверей багаж.,,,,замінити,зняти/встановити,ремонт,
Рис.2дв.,ХЕТЧБЕК 3 двери,ХЕТЧБЕК 5 дверей,,ЛИФТБЭК 5 дверей,,УНИВЕРСАЛ,ВНЕДОРОЖНИК 3 дверный,ВНЕДОРОЖНИК 5 дверный,Двері багажника,Деталі дверей багажника,Карта дверей багаж.,,,,замінити,зняти/встановити,ремонт,
Рис.2дв.,ХЕТЧБЕК 3 двери,ХЕТЧБЕК 5 дверей,,ЛИФТБЭК 5 дверей,,УНИВЕРСАЛ,ВНЕДОРОЖНИК 3 дверный,ВНЕДОРОЖНИК 5 дверный,Двері багажника,Деталі дверей багажника,Огранічітель дверей багаж.,,,,замінити,зняти/встановити,ремонт,
Рис.2дв.,ХЕТЧБЕК 3 двери,ХЕТЧБЕК 5 дверей,,ЛИФТБЭК 5 дверей,,УНИВЕРСАЛ,ВНЕДОРОЖНИК 3 дверный,ВНЕДОРОЖНИК 5 дверный,Двері багажника,Деталі дверей багажника,Петля лів. дверей багаж.,,,,замінити,зняти/встановити,ремонт,фарбування
Рис.2дв.,ХЕТЧБЕК 3 двери,ХЕТЧБЕК 5 дверей,,ЛИФТБЭК 5 дверей,,УНИВЕРСАЛ,ВНЕДОРОЖНИК 3 дверный,ВНЕДОРОЖНИК 5 дверный,Двері багажника,Деталі дверей багажника,Петля пр. дверей багаж.,,,,замінити,зняти/встановити,ремонт,фарбування
Рис.2дв.,ХЕТЧБЕК 3 двери,ХЕТЧБЕК 5 дверей,,ЛИФТБЭК 5 дверей,,УНИВЕРСАЛ,ВНЕДОРОЖНИК 3 дверный,ВНЕДОРОЖНИК 5 дверный,Двері багажника,Деталі дверей багажника,Проводка дверей багаж.,,,,замінити,зняти/встановити,ремонт,
Рис.2дв.,ХЕТЧБЕК 3 двери,ХЕТЧБЕК 5 дверей,,ЛИФТБЭК 5 дверей,,УНИВЕРСАЛ,ВНЕДОРОЖНИК 3 дверный,ВНЕДОРОЖНИК 5 дверный,Двері багажника,Деталі дверей багажника,Рамка дверей багаж.,,розібрати/зібрати,,,,ремонт,фарбування
Рис.2дв.,ХЕТЧБЕК 3 двери,ХЕТЧБЕК 5 дверей,,ЛИФТБЭК 5 дверей,,УНИВЕРСАЛ,ВНЕДОРОЖНИК 3 дверный,ВНЕДОРОЖНИК 5 дверный,Двері багажника,Деталі дверей багажника,Рігель дверей багаж.,,,,замінити,зняти/встановити,ремонт,
Рис.2дв.,ХЕТЧБЕК 3 двери,ХЕТЧБЕК 5 дверей,,ЛИФТБЭК 5 дверей,,УНИВЕРСАЛ,ВНЕДОРОЖНИК 3 дверный,ВНЕДОРОЖНИК 5 дверный,Двері багажника,Деталі дверей багажника,Скло дверей багажника,,розібрати/зібрати,,замінити,зняти/встановити,,
Рис.2дв.,ХЕТЧБЕК 3 двери,ХЕТЧБЕК 5 дверей,,ЛИФТБЭК 5 дверей,,УНИВЕРСАЛ,ВНЕДОРОЖНИК 3 дверный,ВНЕДОРОЖНИК 5 дверный,Двері багажника,Деталі дверей багажника,Ущільнювач дверей багаж.,,,,замінити,зняти/встановити,,
Рис.2дв.,ХЕТЧБЕК 3 двери,ХЕТЧБЕК 5 дверей,,ЛИФТБЭК 5 дверей,,УНИВЕРСАЛ,ВНЕДОРОЖНИК 3 дверный,ВНЕДОРОЖНИК 5 дверный,Двері багажника,Деталі декору дверей багаж.,(Додати),,,,замінити,зняти/встановити,ремонт,фарбування
Рис.2дв.,ХЕТЧБЕК 3 двери,ХЕТЧБЕК 5 дверей,,ЛИФТБЭК 5 дверей,,УНИВЕРСАЛ,ВНЕДОРОЖНИК 3 дверный,ВНЕДОРОЖНИК 5 дверный,Двері багажника,Деталі декору дверей багаж.,Декор. накладка дверей багаж.,,,,замінити,зняти/встановити,ремонт,фарбування
Рис.2дв.,ХЕТЧБЕК 3 двери,ХЕТЧБЕК 5 дверей,,ЛИФТБЭК 5 дверей,,УНИВЕРСАЛ,ВНЕДОРОЖНИК 3 дверный,ВНЕДОРОЖНИК 5 дверный,Двері багажника,Деталі декору дверей багаж.,Молдніг дверей багаж.,,,,замінити,зняти/встановити,ремонт,фарбування
Рис.2дв.,,ХЕТЧБЕК 5 дверей,,ЛИФТБЭК 5 дверей,СЕДАН,УНИВЕРСАЛ,,ВНЕДОРОЖНИК 5 дверный,Двері задні ліві,Двері задні ліві,,программа,,,,,,
Рис.2дв.,,ХЕТЧБЕК 5 дверей,,ЛИФТБЭК 5 дверей,СЕДАН,УНИВЕРСАЛ,,ВНЕДОРОЖНИК 5 дверный,Двері задні ліві,Деталі дверей зад.лів.,Каркас дверей зад.лів.,,,усунення перекосу,замінити,зняти/встановити,ремонт,фарбування
Рис.2дв.,,ХЕТЧБЕК 5 дверей,,ЛИФТБЭК 5 дверей,СЕДАН,УНИВЕРСАЛ,,ВНЕДОРОЖНИК 5 дверный,Двері задні ліві,Деталі дверей зад.лів.,(Додати),,,,замінити,зняти/встановити,ремонт,фарбування
Рис.2дв.,,ХЕТЧБЕК 5 дверей,,ЛИФТБЭК 5 дверей,СЕДАН,УНИВЕРСАЛ,,ВНЕДОРОЖНИК 5 дверный,Двері задні ліві,Деталі дверей зад.лів.,Замок дверей зад.лів.,,,,замінити,зняти/встановити,ремонт,
Рис.2дв.,,ХЕТЧБЕК 5 дверей,,ЛИФТБЭК 5 дверей,СЕДАН,УНИВЕРСАЛ,,ВНЕДОРОЖНИК 5 дверный,Двері задні ліві,Деталі дверей зад.лів.,Карта дверей зад.лів.,,,,замінити,зняти/встановити,ремонт,
Рис.2дв.,,ХЕТЧБЕК 5 дверей,,ЛИФТБЭК 5 дверей,СЕДАН,УНИВЕРСАЛ,,ВНЕДОРОЖНИК 5 дверный,Двері задні ліві,Деталі дверей зад.лів.,Механізм підйому скла двері зад.лів.,,,,замінити,зняти/встановити,ремонт,
Рис.2дв.,,ХЕТЧБЕК 5 дверей,,ЛИФТБЭК 5 дверей,СЕДАН,УНИВЕРСАЛ,,ВНЕДОРОЖНИК 5 дверный,Двері задні ліві,Деталі дверей зад.лів.,Огранічітель дверей зад.лів.,,,,замінити,зняти/встановити,ремонт,
Рис.2дв.,,ХЕТЧБЕК 5 дверей,,ЛИФТБЭК 5 дверей,СЕДАН,УНИВЕРСАЛ,,ВНЕДОРОЖНИК 5 дверный,Двері задні ліві,Деталі дверей зад.лів.,Петля верхня дверей зад.лів.,,,,замінити,зняти/встановити,ремонт,фарбування
Рис.2дв.,,ХЕТЧБЕК 5 дверей,,ЛИФТБЭК 5 дверей,СЕДАН,УНИВЕРСАЛ,,ВНЕДОРОЖНИК 5 дверный,Двері задні ліві,Деталі дверей зад.лів.,Петля нижня дверей зад.лів.,,,,замінити,зняти/встановити,ремонт,фарбування
Рис.2дв.,,ХЕТЧБЕК 5 дверей,,ЛИФТБЭК 5 дверей,СЕДАН,УНИВЕРСАЛ,,ВНЕДОРОЖНИК 5 дверный,Двері задні ліві,Деталі дверей зад.лів.,Проводка дверей зад.лів.,,,,замінити,зняти/встановити,ремонт,
Рис.2дв.,,ХЕТЧБЕК 5 дверей,,ЛИФТБЭК 5 дверей,СЕДАН,УНИВЕРСАЛ,,ВНЕДОРОЖНИК 5 дверный,Двері задні ліві,Деталі дверей зад.лів.,Рамка дверей зад.лів.,,розібрати/зібрати,,,,ремонт,фарбування
Рис.2дв.,,ХЕТЧБЕК 5 дверей,,ЛИФТБЭК 5 дверей,СЕДАН,УНИВЕРСАЛ,,ВНЕДОРОЖНИК 5 дверный,Двері задні ліві,Деталі дверей зад.лів.,Рігель дверей зад.лів.,,,,замінити,зняти/встановити,ремонт,
Рис.2дв.,,ХЕТЧБЕК 5 дверей,,ЛИФТБЭК 5 дверей,СЕДАН,УНИВЕРСАЛ,,ВНЕДОРОЖНИК 5 дверный,Двері задні ліві,Деталі дверей зад.лів.,Скло дверей зад.лів.,,,,замінити,зняти/встановити,,
Рис.2дв.,,ХЕТЧБЕК 5 дверей,,ЛИФТБЭК 5 дверей,СЕДАН,УНИВЕРСАЛ,,ВНЕДОРОЖНИК 5 дверный,Двері задні ліві,Деталі дверей зад.лів.,Ущільнювач дверей зад.лів.,,,,замінити,зняти/встановити,,
Рис.2дв.,,ХЕТЧБЕК 5 дверей,,ЛИФТБЭК 5 дверей,СЕДАН,УНИВЕРСАЛ,,ВНЕДОРОЖНИК 5 дверный,Двері задні ліві,Деталі Декору дверей зад.лів.,(Додати),,,,замінити,зняти/встановити,ремонт,фарбування
Рис.2дв.,,ХЕТЧБЕК 5 дверей,,ЛИФТБЭК 5 дверей,СЕДАН,УНИВЕРСАЛ,,ВНЕДОРОЖНИК 5 дверный,Двері задні ліві,Деталі Декору дверей зад.лів.,Декор. накладка дверей зад.лів.,,,,замінити,зняти/встановити,ремонт,фарбування
Рис.2дв.,,ХЕТЧБЕК 5 дверей,,ЛИФТБЭК 5 дверей,СЕДАН,УНИВЕРСАЛ,,ВНЕДОРОЖНИК 5 дверный,Двері задні ліві,Деталі Декору дверей зад.лів.,Молдніг дверей зад.лів.,,,,замінити,зняти/встановити,ремонт,фарбування
Рис.2дв.,,ХЕТЧБЕК 5 дверей,,ЛИФТБЭК 5 дверей,СЕДАН,УНИВЕРСАЛ,,ВНЕДОРОЖНИК 5 дверный,Двері задні ліві,Деталі Декору дверей зад.лів.,Молдніг скла дверей зад.лів.,,,,замінити,зняти/встановити,ремонт,фарбування
"Рис.1 дв, ,  Рис.2дв.",,ХЕТЧБЕК 5 дверей,,ЛИФТБЭК 5 дверей,СЕДАН,УНИВЕРСАЛ,,ВНЕДОРОЖНИК 5 дверный,Двері задні праві,Двері задні праві,,программа,,,,,,
"Рис.1 дв, ,  Рис.2дв.",,ХЕТЧБЕК 5 дверей,,ЛИФТБЭК 5 дверей,СЕДАН,УНИВЕРСАЛ,,ВНЕДОРОЖНИК 5 дверный,Двері задні праві,Деталі дверей зад.пр.,Каркас дверей зад.пр.,,,усунення перекосу,замінити,зняти/встановити,ремонт,фарбування
"Рис.1 дв, ,  Рис.2дв.",,ХЕТЧБЕК 5 дверей,,ЛИФТБЭК 5 дверей,СЕДАН,УНИВЕРСАЛ,,ВНЕДОРОЖНИК 5 дверный,Двері задні праві,Деталі дверей зад.пр.,(Додати),,,,замінити,зняти/встановити,ремонт,фарбування
"Рис.1 дв, ,  Рис.2дв.",,ХЕТЧБЕК 5 дверей,,ЛИФТБЭК 5 дверей,СЕДАН,УНИВЕРСАЛ,,ВНЕДОРОЖНИК 5 дверный,Двері задні праві,Деталі дверей зад.пр.,Замок дверей зад.пр.,,,,замінити,зняти/встановити,ремонт,
"Рис.1 дв, ,  Рис.2дв.",,ХЕТЧБЕК 5 дверей,,ЛИФТБЭК 5 дверей,СЕДАН,УНИВЕРСАЛ,,ВНЕДОРОЖНИК 5 дверный,Двері задні праві,Деталі дверей зад.пр.,Карта дверей зад.пр.,,,,замінити,зняти/встановити,ремонт,
"Рис.1 дв, ,  Рис.2дв.",,ХЕТЧБЕК 5 дверей,,ЛИФТБЭК 5 дверей,СЕДАН,УНИВЕРСАЛ,,ВНЕДОРОЖНИК 5 дверный,Двері задні праві,Деталі дверей зад.пр.,Механізм підйому скла двері зад.пр.,,,,замінити,зняти/встановити,ремонт,
"Рис.1 дв, ,  Рис.2дв.",,ХЕТЧБЕК 5 дверей,,ЛИФТБЭК 5 дверей,СЕДАН,УНИВЕРСАЛ,,ВНЕДОРОЖНИК 5 дверный,Двері задні праві,Деталі дверей зад.пр.,Огранічітель дверей зад.пр.,,,,замінити,зняти/встановити,ремонт,
"Рис.1 дв, ,  Рис.2дв.",,ХЕТЧБЕК 5 дверей,,ЛИФТБЭК 5 дверей,СЕДАН,УНИВЕРСАЛ,,ВНЕДОРОЖНИК 5 дверный,Двері задні праві,Деталі дверей зад.пр.,Петля верхня дверей зад.пр.,,,,замінити,зняти/встановити,ремонт,фарбування
"Рис.1 дв, ,  Рис.2дв.",,ХЕТЧБЕК 5 дверей,,ЛИФТБЭК 5 дверей,СЕДАН,УНИВЕРСАЛ,,ВНЕДОРОЖНИК 5 дверный,Двері задні праві,Деталі дверей зад.пр.,Петля нижня дверей зад.пр.,,,,замінити,зняти/встановити,ремонт,фарбування
"Рис.1 дв, ,  Рис.2дв.",,ХЕТЧБЕК 5 дверей,,ЛИФТБЭК 5 дверей,СЕДАН,УНИВЕРСАЛ,,ВНЕДОРОЖНИК 5 дверный,Двері задні праві,Деталі дверей зад.пр.,Проводка дверей зад.пр.,,,,замінити,зняти/встановити,ремонт,
"Рис.1 дв, ,  Рис.2дв.",,ХЕТЧБЕК 5 дверей,,ЛИФТБЭК 5 дверей,СЕДАН,УНИВЕРСАЛ,,ВНЕДОРОЖНИК 5 дверный,Двері задні праві,Деталі дверей зад.пр.,Рамка дверей зад.пр.,,розібрати/зібрати,,,,ремонт,фарбування
"Рис.1 дв, ,  Рис.2дв.",,ХЕТЧБЕК 5 дверей,,ЛИФТБЭК 5 дверей,СЕДАН,УНИВЕРСАЛ,,ВНЕДОРОЖНИК 5 дверный,Двері задні праві,Деталі дверей зад.пр.,Рігель дверей зад.пр.,,,,замінити,зняти/встановити,ремонт,
"Рис.1 дв, ,  Рис.2дв.",,ХЕТЧБЕК 5 дверей,,ЛИФТБЭК 5 дверей,СЕДАН,УНИВЕРСАЛ,,ВНЕДОРОЖНИК 5 дверный,Двері задні праві,Деталі дверей зад.пр.,Скло дверей зад.пр.,,,,замінити,зняти/встановити,,
"Рис.1 дв, ,  Рис.2дв.",,ХЕТЧБЕК 5 дверей,,ЛИФТБЭК 5 дверей,СЕДАН,УНИВЕРСАЛ,,ВНЕДОРОЖНИК 5 дверный,Двері задні праві,Деталі дверей зад.пр.,Ущільнювач дверей зад.пр.,,,,замінити,зняти/встановити,,
"Рис.1 дв, ,  Рис.2дв.",,ХЕТЧБЕК 5 дверей,,ЛИФТБЭК 5 дверей,СЕДАН,УНИВЕРСАЛ,,ВНЕДОРОЖНИК 5 дверный,Двері задні праві,Деталі декору дверей зад.пр.,(Додати),,,,замінити,зняти/встановити,ремонт,фарбування
"Рис.1 дв, ,  Рис.2дв.",,ХЕТЧБЕК 5 дверей,,ЛИФТБЭК 5 дверей,СЕДАН,УНИВЕРСАЛ,,ВНЕДОРОЖНИК 5 дверный,Двері задні праві,Деталі декору дверей зад.пр.,Декор. накладка дверей зад.пр.,,,,замінити,зняти/встановити,ремонт,фарбування
"Рис.1 дв, ,  Рис.2дв.",,ХЕТЧБЕК 5 дверей,,ЛИФТБЭК 5 дверей,СЕДАН,УНИВЕРСАЛ,,ВНЕДОРОЖНИК 5 дверный,Двері задні праві,Деталі декору дверей зад.пр.,Молдніг дверей зад.пр.,,,,замінити,зняти/встановити,ремонт,фарбування
"Рис.1 дв, ,  Рис.2дв.",,ХЕТЧБЕК 5 дверей,,ЛИФТБЭК 5 дверей,СЕДАН,УНИВЕРСАЛ,,ВНЕДОРОЖНИК 5 дверный,Двері задні праві,Деталі декору дверей зад.пр.,Молдніг скла дверей зад.пр.,,,,замінити,зняти/встановити,ремонт,фарбування
"Рис.1 дв, ,  Рис.2дв.",ХЕТЧБЕК 3 двери,ХЕТЧБЕК 5 дверей,КУПЕ,ЛИФТБЭК 5 дверей,СЕДАН,УНИВЕРСАЛ,ВНЕДОРОЖНИК 3 дверный,ВНЕДОРОЖНИК 5 дверный,Двері передні ліві,Двері передні ліві,,программа,,,,,,
"Рис.1 дв, ,  Рис.2дв.",ХЕТЧБЕК 3 двери,ХЕТЧБЕК 5 дверей,КУПЕ,ЛИФТБЭК 5 дверей,СЕДАН,УНИВЕРСАЛ,ВНЕДОРОЖНИК 3 дверный,ВНЕДОРОЖНИК 5 дверный,Двері передні ліві,Деталі дверей пер.лів.,Каркас дверей пер.лів.,,,усунення перекосу,замінити,зняти/встановити,ремонт,фарбування
"Рис.1 дв, ,  Рис.2дв.",ХЕТЧБЕК 3 двери,ХЕТЧБЕК 5 дверей,КУПЕ,ЛИФТБЭК 5 дверей,СЕДАН,УНИВЕРСАЛ,ВНЕДОРОЖНИК 3 дверный,ВНЕДОРОЖНИК 5 дверный,Двері передні ліві,Деталі дверей пер.лів.,(Додати),,,,замінити,зняти/встановити,ремонт,фарбування
"Рис.1 дв, ,  Рис.2дв.",ХЕТЧБЕК 3 двери,ХЕТЧБЕК 5 дверей,КУПЕ,ЛИФТБЭК 5 дверей,СЕДАН,УНИВЕРСАЛ,ВНЕДОРОЖНИК 3 дверный,ВНЕДОРОЖНИК 5 дверный,Двері передні ліві,Деталі дверей пер.лів.,Дзеркало пер.лів.,,розібрати/зібрати,,замінити,зняти/встановити,ремонт,
"Рис.1 дв, ,  Рис.2дв.",ХЕТЧБЕК 3 двери,ХЕТЧБЕК 5 дверей,КУПЕ,ЛИФТБЭК 5 дверей,СЕДАН,УНИВЕРСАЛ,ВНЕДОРОЖНИК 3 дверный,ВНЕДОРОЖНИК 5 дверный,Двері передні ліві,Деталі дверей пер.лів.,Замок дверей пер.лів.,,,,замінити,зняти/встановити,ремонт,
"Рис.1 дв, ,  Рис.2дв.",ХЕТЧБЕК 3 двери,ХЕТЧБЕК 5 дверей,КУПЕ,ЛИФТБЭК 5 дверей,СЕДАН,УНИВЕРСАЛ,ВНЕДОРОЖНИК 3 дверный,ВНЕДОРОЖНИК 5 дверный,Двері передні ліві,Деталі дверей пер.лів.,Карта дверей пер.лів.,,,,замінити,зняти/встановити,ремонт,
"Рис.1 дв, ,  Рис.2дв.",ХЕТЧБЕК 3 двери,ХЕТЧБЕК 5 дверей,КУПЕ,ЛИФТБЭК 5 дверей,СЕДАН,УНИВЕРСАЛ,ВНЕДОРОЖНИК 3 дверный,ВНЕДОРОЖНИК 5 дверный,Двері передні ліві,Деталі дверей пер.лів.,Корпус дзеркала пер.лів.,,розібрати/зібрати,,замінити,зняти/встановити,ремонт,фарбування
"Рис.1 дв, ,  Рис.2дв.",ХЕТЧБЕК 3 двери,ХЕТЧБЕК 5 дверей,КУПЕ,ЛИФТБЭК 5 дверей,СЕДАН,УНИВЕРСАЛ,ВНЕДОРОЖНИК 3 дверный,ВНЕДОРОЖНИК 5 дверный,Двері передні ліві,Деталі дверей пер.лів.,Механізм підйому скла двері пер.лів.,,,,замінити,зняти/встановити,ремонт,
"Рис.1 дв, ,  Рис.2дв.",ХЕТЧБЕК 3 двери,ХЕТЧБЕК 5 дверей,КУПЕ,ЛИФТБЭК 5 дверей,СЕДАН,УНИВЕРСАЛ,ВНЕДОРОЖНИК 3 дверный,ВНЕДОРОЖНИК 5 дверный,Двері передні ліві,Деталі дверей пер.лів.,Огранічітель дверей пер.лів.,,,,замінити,зняти/встановити,ремонт,
"Рис.1 дв, ,  Рис.2дв.",ХЕТЧБЕК 3 двери,ХЕТЧБЕК 5 дверей,КУПЕ,ЛИФТБЭК 5 дверей,СЕДАН,УНИВЕРСАЛ,ВНЕДОРОЖНИК 3 дверный,ВНЕДОРОЖНИК 5 дверный,Двері передні ліві,Деталі дверей пер.лів.,Петля верхня дверей пер.лів.,,,,замінити,зняти/встановити,ремонт,фарбування
"Рис.1 дв, ,  Рис.2дв.",ХЕТЧБЕК 3 двери,ХЕТЧБЕК 5 дверей,КУПЕ,ЛИФТБЭК 5 дверей,СЕДАН,УНИВЕРСАЛ,ВНЕДОРОЖНИК 3 дверный,ВНЕДОРОЖНИК 5 дверный,Двері передні ліві,Деталі дверей пер.лів.,Петля нижня дверей пер.лів.,,,,замінити,зняти/встановити,ремонт,фарбування
"Рис.1 дв, ,  Рис.2дв.",ХЕТЧБЕК 3 двери,ХЕТЧБЕК 5 дверей,КУПЕ,ЛИФТБЭК 5 дверей,СЕДАН,УНИВЕРСАЛ,ВНЕДОРОЖНИК 3 дверный,ВНЕДОРОЖНИК 5 дверный,Двері передні ліві,Деталі дверей пер.лів.,Проводка дверей пер.лів.,,,,замінити,зняти/встановити,ремонт,
"Рис.1 дв, ,  Рис.2дв.",ХЕТЧБЕК 3 двери,ХЕТЧБЕК 5 дверей,КУПЕ,ЛИФТБЭК 5 дверей,СЕДАН,УНИВЕРСАЛ,ВНЕДОРОЖНИК 3 дверный,ВНЕДОРОЖНИК 5 дверный,Двері передні ліві,Деталі дверей пер.лів.,Рамка дверей пер.лів.,,розібрати/зібрати,,,,ремонт,фарбування
"Рис.1 дв, ,  Рис.2дв.",ХЕТЧБЕК 3 двери,ХЕТЧБЕК 5 дверей,КУПЕ,ЛИФТБЭК 5 дверей,СЕДАН,УНИВЕРСАЛ,ВНЕДОРОЖНИК 3 дверный,ВНЕДОРОЖНИК 5 дверный,Двері передні ліві,Деталі дверей пер.лів.,Рігель дверей пер.лів.,,,,замінити,зняти/встановити,ремонт,
"Рис.1 дв, ,  Рис.2дв.",ХЕТЧБЕК 3 двери,ХЕТЧБЕК 5 дверей,КУПЕ,ЛИФТБЭК 5 дверей,СЕДАН,УНИВЕРСАЛ,ВНЕДОРОЖНИК 3 дверный,ВНЕДОРОЖНИК 5 дверный,Двері передні ліві,Деталі дверей пер.лів.,Скло дверей пер.лів.,,,,замінити,зняти/встановити,,
"Рис.1 дв, ,  Рис.2дв.",ХЕТЧБЕК 3 двери,ХЕТЧБЕК 5 дверей,КУПЕ,ЛИФТБЭК 5 дверей,СЕДАН,УНИВЕРСАЛ,ВНЕДОРОЖНИК 3 дверный,ВНЕДОРОЖНИК 5 дверный,Двері передні ліві,Деталі дверей пер.лів.,Ущільнювач дверей пер.лів.,,,,замінити,зняти/встановити,,
"Рис.1 дв, ,  Рис.2дв.",ХЕТЧБЕК 3 двери,ХЕТЧБЕК 5 дверей,КУПЕ,ЛИФТБЭК 5 дверей,СЕДАН,УНИВЕРСАЛ,ВНЕДОРОЖНИК 3 дверный,ВНЕДОРОЖНИК 5 дверный,Двері передні ліві,Деталі Декору дверей пер.лів.,(Додати),,,,замінити,зняти/встановити,ремонт,фарбування
"Рис.1 дв, ,  Рис.2дв.",ХЕТЧБЕК 3 двери,ХЕТЧБЕК 5 дверей,КУПЕ,ЛИФТБЭК 5 дверей,СЕДАН,УНИВЕРСАЛ,ВНЕДОРОЖНИК 3 дверный,ВНЕДОРОЖНИК 5 дверный,Двері передні ліві,Деталі Декору дверей пер.лів.,Декор. накладка дверей пер.лів.,,,,замінити,зняти/встановити,ремонт,фарбування
"Рис.1 дв, ,  Рис.2дв.",ХЕТЧБЕК 3 двери,ХЕТЧБЕК 5 дверей,КУПЕ,ЛИФТБЭК 5 дверей,СЕДАН,УНИВЕРСАЛ,ВНЕДОРОЖНИК 3 дверный,ВНЕДОРОЖНИК 5 дверный,Двері передні ліві,Деталі Декору дверей пер.лів.,Молдніг дверей пер.лів.,,,,замінити,зняти/встановити,ремонт,фарбування
"Рис.1 дв, ,  Рис.2дв.",ХЕТЧБЕК 3 двери,ХЕТЧБЕК 5 дверей,КУПЕ,ЛИФТБЭК 5 дверей,СЕДАН,УНИВЕРСАЛ,ВНЕДОРОЖНИК 3 дверный,ВНЕДОРОЖНИК 5 дверный,Двері передні ліві,Деталі Декору дверей пер.лів.,Молдніг скла дверей пер.лів.,,,,замінити,зняти/встановити,ремонт,фарбування
"Рис.1 дв, ,  Рис.2дв.",ХЕТЧБЕК 3 двери,ХЕТЧБЕК 5 дверей,КУПЕ,ЛИФТБЭК 5 дверей,СЕДАН,УНИВЕРСАЛ,ВНЕДОРОЖНИК 3 дверный,ВНЕДОРОЖНИК 5 дверный,Двері передні праві,Двері передні праві,,программа,,,,,,
"Рис.1 дв, ,  Рис.2дв.",ХЕТЧБЕК 3 двери,ХЕТЧБЕК 5 дверей,КУПЕ,ЛИФТБЭК 5 дверей,СЕДАН,УНИВЕРСАЛ,ВНЕДОРОЖНИК 3 дверный,ВНЕДОРОЖНИК 5 дверный,Двері передні праві,Деталі дверей пер.пр.,Каркас дверей пер.пр.,,,усунення перекосу,,,ремонт,фарбування
"Рис.1 дв, ,  Рис.2дв.",ХЕТЧБЕК 3 двери,ХЕТЧБЕК 5 дверей,КУПЕ,ЛИФТБЭК 5 дверей,СЕДАН,УНИВЕРСАЛ,ВНЕДОРОЖНИК 3 дверный,ВНЕДОРОЖНИК 5 дверный,Двері передні праві,Деталі дверей пер.пр.,(Додати),,,,замінити,зняти/встановити,ремонт,фарбування
"Рис.1 дв, ,  Рис.2дв.",ХЕТЧБЕК 3 двери,ХЕТЧБЕК 5 дверей,КУПЕ,ЛИФТБЭК 5 дверей,СЕДАН,УНИВЕРСАЛ,ВНЕДОРОЖНИК 3 дверный,ВНЕДОРОЖНИК 5 дверный,Двері передні праві,Деталі дверей пер.пр.,Дзеркало пер.пр.,,розібрати/зібрати,,замінити,зняти/встановити,ремонт,
"Рис.1 дв, ,  Рис.2дв.",ХЕТЧБЕК 3 двери,ХЕТЧБЕК 5 дверей,КУПЕ,ЛИФТБЭК 5 дверей,СЕДАН,УНИВЕРСАЛ,ВНЕДОРОЖНИК 3 дверный,ВНЕДОРОЖНИК 5 дверный,Двері передні праві,Деталі дверей пер.пр.,Замок дверей пер.пр.,,,,замінити,зняти/встановити,ремонт,
"Рис.1 дв, ,  Рис.2дв.",ХЕТЧБЕК 3 двери,ХЕТЧБЕК 5 дверей,КУПЕ,ЛИФТБЭК 5 дверей,СЕДАН,УНИВЕРСАЛ,ВНЕДОРОЖНИК 3 дверный,ВНЕДОРОЖНИК 5 дверный,Двері передні праві,Деталі дверей пер.пр.,Карта дверей пер.пр.,,,,замінити,зняти/встановити,ремонт,
"Рис.1 дв, ,  Рис.2дв.",ХЕТЧБЕК 3 двери,ХЕТЧБЕК 5 дверей,КУПЕ,ЛИФТБЭК 5 дверей,СЕДАН,УНИВЕРСАЛ,ВНЕДОРОЖНИК 3 дверный,ВНЕДОРОЖНИК 5 дверный,Двері передні праві,Деталі дверей пер.пр.,Корпу дзеркала пер.пр.,,розібрати/зібрати,,замінити,зняти/встановити,ремонт,фарбування
"Рис.1 дв, ,  Рис.2дв.",ХЕТЧБЕК 3 двери,ХЕТЧБЕК 5 дверей,КУПЕ,ЛИФТБЭК 5 дверей,СЕДАН,УНИВЕРСАЛ,ВНЕДОРОЖНИК 3 дверный,ВНЕДОРОЖНИК 5 дверный,Двері передні праві,Деталі дверей пер.пр.,Механізм підйому скла двері пер.пр.,,,,замінити,зняти/встановити,ремонт,
"Рис.1 дв, ,  Рис.2дв.",ХЕТЧБЕК 3 двери,ХЕТЧБЕК 5 дверей,КУПЕ,ЛИФТБЭК 5 дверей,СЕДАН,УНИВЕРСАЛ,ВНЕДОРОЖНИК 3 дверный,ВНЕДОРОЖНИК 5 дверный,Двері передні праві,Деталі дверей пер.пр.,Огранічітель дверей пер.пр.,,,,замінити,зняти/встановити,ремонт,
"Рис.1 дв, ,  Рис.2дв.",ХЕТЧБЕК 3 двери,ХЕТЧБЕК 5 дверей,КУПЕ,ЛИФТБЭК 5 дверей,СЕДАН,УНИВЕРСАЛ,ВНЕДОРОЖНИК 3 дверный,ВНЕДОРОЖНИК 5 дверный,Двері передні праві,Деталі дверей пер.пр.,Петля верхня дверей пер.пр.,,,,замінити,зняти/встановити,ремонт,фарбування
"Рис.1 дв, ,  Рис.2дв.",ХЕТЧБЕК 3 двери,ХЕТЧБЕК 5 дверей,КУПЕ,ЛИФТБЭК 5 дверей,СЕДАН,УНИВЕРСАЛ,ВНЕДОРОЖНИК 3 дверный,ВНЕДОРОЖНИК 5 дверный,Двері передні праві,Деталі дверей пер.пр.,Петля нижня дверей пер.пр.,,,,замінити,зняти/встановити,ремонт,фарбування
"Рис.1 дв, ,  Рис.2дв.",ХЕТЧБЕК 3 двери,ХЕТЧБЕК 5 дверей,КУПЕ,ЛИФТБЭК 5 дверей,СЕДАН,УНИВЕРСАЛ,ВНЕДОРОЖНИК 3 дверный,ВНЕДОРОЖНИК 5 дверный,Двері передні праві,Деталі дверей пер.пр.,Проводка дверей пер.пр.,,,,замінити,зняти/встановити,ремонт,
"Рис.1 дв, ,  Рис.2дв.",ХЕТЧБЕК 3 двери,ХЕТЧБЕК 5 дверей,КУПЕ,ЛИФТБЭК 5 дверей,СЕДАН,УНИВЕРСАЛ,ВНЕДОРОЖНИК 3 дверный,ВНЕДОРОЖНИК 5 дверный,Двері передні праві,Деталі дверей пер.пр.,Рамка дверей пер.пр.,,,,замінити,зняти/встановити,ремонт,фарбування
"Рис.1 дв, ,  Рис.2дв.",ХЕТЧБЕК 3 двери,ХЕТЧБЕК 5 дверей,КУПЕ,ЛИФТБЭК 5 дверей,СЕДАН,УНИВЕРСАЛ,ВНЕДОРОЖНИК 3 дверный,ВНЕДОРОЖНИК 5 дверный,Двері передні праві,Деталі дверей пер.пр.,Рігель дверей пер.пр.,,,,замінити,зняти/встановити,ремонт,
"Рис.1 дв, ,  Рис.2дв.",ХЕТЧБЕК 3 двери,ХЕТЧБЕК 5 дверей,КУПЕ,ЛИФТБЭК 5 дверей,СЕДАН,УНИВЕРСАЛ,ВНЕДОРОЖНИК 3 дверный,ВНЕДОРОЖНИК 5 дверный,Двері передні праві,Деталі дверей пер.пр.,Скло дверей пер.пр.,,,,замінити,зняти/встановити,,
"Рис.1 дв, ,  Рис.2дв.",ХЕТЧБЕК 3 двери,ХЕТЧБЕК 5 дверей,КУПЕ,ЛИФТБЭК 5 дверей,СЕДАН,УНИВЕРСАЛ,ВНЕДОРОЖНИК 3 дверный,ВНЕДОРОЖНИК 5 дверный,Двері передні праві,Деталі дверей пер.пр.,Ущільнювач дверей пер.пр.,,,,замінити,зняти/встановити,,
"Рис.1 дв, ,  Рис.2дв.",ХЕТЧБЕК 3 двери,ХЕТЧБЕК 5 дверей,КУПЕ,ЛИФТБЭК 5 дверей,СЕДАН,УНИВЕРСАЛ,ВНЕДОРОЖНИК 3 дверный,ВНЕДОРОЖНИК 5 дверный,Двері передні праві,Деталі Декору дверей пер.пр.,(Додати),,,,замінити,зняти/встановити,ремонт,фарбування
"Рис.1 дв, ,  Рис.2дв.",ХЕТЧБЕК 3 двери,ХЕТЧБЕК 5 дверей,КУПЕ,ЛИФТБЭК 5 дверей,СЕДАН,УНИВЕРСАЛ,ВНЕДОРОЖНИК 3 дверный,ВНЕДОРОЖНИК 5 дверный,Двері передні праві,Деталі Декору дверей пер.пр.,Декор. накладка дверей пер.пр.,,,,замінити,зняти/встановити,ремонт,фарбування
"Рис.1 дв, ,  Рис.2дв.",ХЕТЧБЕК 3 двери,ХЕТЧБЕК 5 дверей,КУПЕ,ЛИФТБЭК 5 дверей,СЕДАН,УНИВЕРСАЛ,ВНЕДОРОЖНИК 3 дверный,ВНЕДОРОЖНИК 5 дверный,Двері передні праві,Деталі Декору дверей пер.пр.,Молдніг дверей пер.пр.,,,,замінити,зняти/встановити,ремонт,фарбування
"Рис.1 дв, ,  Рис.2дв.",ХЕТЧБЕК 3 двери,ХЕТЧБЕК 5 дверей,КУПЕ,ЛИФТБЭК 5 дверей,СЕДАН,УНИВЕРСАЛ,ВНЕДОРОЖНИК 3 дверный,ВНЕДОРОЖНИК 5 дверный,Двері передні праві,Деталі Декору дверей пер.пр.,Молдніг скла дверей пер.пр.,,,,замінити,зняти/встановити,ремонт,фарбування
"Рис.1 дв, ,  Рис.2дв.",ХЕТЧБЕК 3 двери,ХЕТЧБЕК 5 дверей,КУПЕ,ЛИФТБЭК 5 дверей,СЕДАН,УНИВЕРСАЛ,ВНЕДОРОЖНИК 3 дверный,ВНЕДОРОЖНИК 5 дверный,Капот,Капот,,программа,,,,,,
"Рис.1 дв, ,  Рис.2дв.",ХЕТЧБЕК 3 двери,ХЕТЧБЕК 5 дверей,КУПЕ,ЛИФТБЭК 5 дверей,СЕДАН,УНИВЕРСАЛ,ВНЕДОРОЖНИК 3 дверный,ВНЕДОРОЖНИК 5 дверный,Капот,Деталі моторного відсіку,Моторний відсік,,розібрати/зібрати,,,,ремонт,фарбування
"Рис.1 дв, ,  Рис.2дв.",ХЕТЧБЕК 3 двери,ХЕТЧБЕК 5 дверей,КУПЕ,ЛИФТБЭК 5 дверей,СЕДАН,УНИВЕРСАЛ,ВНЕДОРОЖНИК 3 дверный,ВНЕДОРОЖНИК 5 дверный,Капот,Деталь капота,Підсилювач капота,,,усунення перекосу,,,ремонт,фарбування
"Рис.1 дв, ,  Рис.2дв.",ХЕТЧБЕК 3 двери,ХЕТЧБЕК 5 дверей,КУПЕ,ЛИФТБЭК 5 дверей,СЕДАН,УНИВЕРСАЛ,ВНЕДОРОЖНИК 3 дверный,ВНЕДОРОЖНИК 5 дверный,Капот,Деталі моторного відсіку,Проводка моторного відсіку,,,,замінити,зняти/встановити,ремонт,
"Рис.1 дв, ,  Рис.2дв.",ХЕТЧБЕК 3 двери,ХЕТЧБЕК 5 дверей,КУПЕ,ЛИФТБЭК 5 дверей,СЕДАН,УНИВЕРСАЛ,ВНЕДОРОЖНИК 3 дверный,ВНЕДОРОЖНИК 5 дверный,Капот,Деталі моторного відсіку,Проєм капота,,,усунення перекосу,,,ремонт,фарбування
"Рис.1 дв, ,  Рис.2дв.",ХЕТЧБЕК 3 двери,ХЕТЧБЕК 5 дверей,КУПЕ,ЛИФТБЭК 5 дверей,СЕДАН,УНИВЕРСАЛ,ВНЕДОРОЖНИК 3 дверный,ВНЕДОРОЖНИК 5 дверный,Капот,Деталі моторного відсіку,(Додати),,,,замінити,зняти/встановити,ремонт,фарбування
"Рис.1 дв, ,  Рис.2дв.",ХЕТЧБЕК 3 двери,ХЕТЧБЕК 5 дверей,КУПЕ,ЛИФТБЭК 5 дверей,СЕДАН,УНИВЕРСАЛ,ВНЕДОРОЖНИК 3 дверный,ВНЕДОРОЖНИК 5 дверный,Капот,Деталі проводки моторного відсіку,(Додати),,,,замінити,зняти/встановити,ремонт,
"Рис.1 дв, ,  Рис.2дв.",ХЕТЧБЕК 3 двери,ХЕТЧБЕК 5 дверей,КУПЕ,ЛИФТБЭК 5 дверей,СЕДАН,УНИВЕРСАЛ,ВНЕДОРОЖНИК 3 дверный,ВНЕДОРОЖНИК 5 дверный,Капот,Деталь капота,(Додати),,,,замінити,зняти/встановити,ремонт,фарбування
"Рис.1 дв, ,  Рис.2дв.",ХЕТЧБЕК 3 двери,ХЕТЧБЕК 5 дверей,КУПЕ,ЛИФТБЭК 5 дверей,СЕДАН,УНИВЕРСАЛ,ВНЕДОРОЖНИК 3 дверный,ВНЕДОРОЖНИК 5 дверный,Капот,Деталь капота,Емблема,,,,замінити,зняти/встановити,,
"Рис.1 дв, ,  Рис.2дв.",ХЕТЧБЕК 3 двери,ХЕТЧБЕК 5 дверей,КУПЕ,ЛИФТБЭК 5 дверей,СЕДАН,УНИВЕРСАЛ,ВНЕДОРОЖНИК 3 дверный,ВНЕДОРОЖНИК 5 дверный,Капот,Деталь капота,Замок капота,,,,замінити,зняти/встановити,ремонт,
"Рис.1 дв, ,  Рис.2дв.",ХЕТЧБЕК 3 двери,ХЕТЧБЕК 5 дверей,КУПЕ,ЛИФТБЭК 5 дверей,СЕДАН,УНИВЕРСАЛ,ВНЕДОРОЖНИК 3 дверный,ВНЕДОРОЖНИК 5 дверный,Капот,Деталь капота,Кліпси капота,,,,замінити,зняти/встановити,,
"Рис.1 дв, ,  Рис.2дв.",ХЕТЧБЕК 3 двери,ХЕТЧБЕК 5 дверей,КУПЕ,ЛИФТБЭК 5 дверей,СЕДАН,УНИВЕРСАЛ,ВНЕДОРОЖНИК 3 дверный,ВНЕДОРОЖНИК 5 дверный,Капот,Деталь капота,Опора капота,,,,замінити,зняти/встановити,ремонт,
"Рис.1 дв, ,  Рис.2дв.",ХЕТЧБЕК 3 двери,ХЕТЧБЕК 5 дверей,КУПЕ,ЛИФТБЭК 5 дверей,СЕДАН,УНИВЕРСАЛ,ВНЕДОРОЖНИК 3 дверный,ВНЕДОРОЖНИК 5 дверный,Капот,Деталь капота,Петля капота пр.,,,,замінити,зняти/встановити,ремонт,фарбування
"Рис.1 дв, ,  Рис.2дв.",ХЕТЧБЕК 3 двери,ХЕТЧБЕК 5 дверей,КУПЕ,ЛИФТБЭК 5 дверей,СЕДАН,УНИВЕРСАЛ,ВНЕДОРОЖНИК 3 дверный,ВНЕДОРОЖНИК 5 дверный,Капот,Деталь капота,Петля капота пр.,,,,замінити,зняти/встановити,ремонт,фарбування
"Рис.1 дв, ,  Рис.2дв.",ХЕТЧБЕК 3 двери,ХЕТЧБЕК 5 дверей,КУПЕ,ЛИФТБЭК 5 дверей,СЕДАН,УНИВЕРСАЛ,ВНЕДОРОЖНИК 3 дверный,ВНЕДОРОЖНИК 5 дверный,Капот,Деталь капота,Трос замка капота,,,,замінити,зняти/встановити,ремонт,
"Рис.1 дв, ,  Рис.2дв.",ХЕТЧБЕК 3 двери,ХЕТЧБЕК 5 дверей,КУПЕ,ЛИФТБЭК 5 дверей,СЕДАН,УНИВЕРСАЛ,ВНЕДОРОЖНИК 3 дверный,ВНЕДОРОЖНИК 5 дверный,Капот,Деталь капота,Утеплювач капота,,,,замінити,зняти/встановити,,
"Рис.1 дв, ,  Рис.2дв.",ХЕТЧБЕК 3 двери,ХЕТЧБЕК 5 дверей,КУПЕ,ЛИФТБЭК 5 дверей,СЕДАН,УНИВЕРСАЛ,ВНЕДОРОЖНИК 3 дверный,ВНЕДОРОЖНИК 5 дверный,Капот,Деталь капота,Форсунка омивача скла лів.,,розібрати/зібрати,,замінити,зняти/встановити,ремонт,фарбування
"Рис.1 дв, ,  Рис.2дв.",ХЕТЧБЕК 3 двери,ХЕТЧБЕК 5 дверей,КУПЕ,ЛИФТБЭК 5 дверей,СЕДАН,УНИВЕРСАЛ,ВНЕДОРОЖНИК 3 дверный,ВНЕДОРОЖНИК 5 дверный,Капот,Деталь капота,Форсунка омивача скла пр.,,розібрати/зібрати,,замінити,зняти/встановити,ремонт,фарбування
"Рис.1 дв, ,  Рис.2дв.",ХЕТЧБЕК 3 двери,ХЕТЧБЕК 5 дверей,КУПЕ,ЛИФТБЭК 5 дверей,СЕДАН,УНИВЕРСАЛ,ВНЕДОРОЖНИК 3 дверный,ВНЕДОРОЖНИК 5 дверный,Капот,Деталь Кузова під капотом,(Додати),,,,замінити,зняти/встановити,ремонт,фарбування
"Рис.1 дв, ,  Рис.2дв.",ХЕТЧБЕК 3 двери,ХЕТЧБЕК 5 дверей,КУПЕ,ЛИФТБЭК 5 дверей,СЕДАН,УНИВЕРСАЛ,ВНЕДОРОЖНИК 3 дверный,ВНЕДОРОЖНИК 5 дверный,Капот,Деталь Кузова під капотом,Бризговик пер.лів.,,розібрати/зібрати,,замінити,зняти/встановити,ремонт,фарбування
"Рис.1 дв, ,  Рис.2дв.",ХЕТЧБЕК 3 двери,ХЕТЧБЕК 5 дверей,КУПЕ,ЛИФТБЭК 5 дверей,СЕДАН,УНИВЕРСАЛ,ВНЕДОРОЖНИК 3 дверный,ВНЕДОРОЖНИК 5 дверный,Капот,Деталь Кузова під капотом,Бризговик пер.пр.,,розібрати/зібрати,,замінити,зняти/встановити,ремонт,фарбування
"Рис.1 дв, ,  Рис.2дв.",ХЕТЧБЕК 3 двери,ХЕТЧБЕК 5 дверей,КУПЕ,ЛИФТБЭК 5 дверей,СЕДАН,УНИВЕРСАЛ,ВНЕДОРОЖНИК 3 дверный,ВНЕДОРОЖНИК 5 дверный,Капот,Деталь Кузова під капотом,Кінцівка лонжерона пер.лів.,,розібрати/зібрати,усунення перекосу,замінити,,ремонт,фарбування
"Рис.1 дв, ,  Рис.2дв.",ХЕТЧБЕК 3 двери,ХЕТЧБЕК 5 дверей,КУПЕ,ЛИФТБЭК 5 дверей,СЕДАН,УНИВЕРСАЛ,ВНЕДОРОЖНИК 3 дверный,ВНЕДОРОЖНИК 5 дверный,Капот,Деталь Кузова під капотом,Кінцівка лонжерона пер.пр.,,розібрати/зібрати,усунення перекосу,замінити,,ремонт,фарбування
"Рис.1 дв, ,  Рис.2дв.",ХЕТЧБЕК 3 двери,ХЕТЧБЕК 5 дверей,КУПЕ,ЛИФТБЭК 5 дверей,СЕДАН,УНИВЕРСАЛ,ВНЕДОРОЖНИК 3 дверный,ВНЕДОРОЖНИК 5 дверный,Капот,Деталь Кузова під капотом,Лонжерон пер.лів.,,розібрати/зібрати,усунення перекосу,замінити,,ремонт,фарбування
"Рис.1 дв, ,  Рис.2дв.",ХЕТЧБЕК 3 двери,ХЕТЧБЕК 5 дверей,КУПЕ,ЛИФТБЭК 5 дверей,СЕДАН,УНИВЕРСАЛ,ВНЕДОРОЖНИК 3 дверный,ВНЕДОРОЖНИК 5 дверный,Капот,Деталь Кузова під капотом,Лонжерон пер.пр.,,розібрати/зібрати,усунення перекосу,замінити,,ремонт,фарбування
"Рис.1 дв, ,  Рис.2дв.",ХЕТЧБЕК 3 двери,ХЕТЧБЕК 5 дверей,КУПЕ,ЛИФТБЭК 5 дверей,СЕДАН,УНИВЕРСАЛ,ВНЕДОРОЖНИК 3 дверный,ВНЕДОРОЖНИК 5 дверный,Капот,Деталь Кузова під капотом,Проем капота,,розібрати/зібрати,усунення перекосу,замінити,,ремонт,фарбування
"Рис.1 дв, ,  Рис.2дв.",ХЕТЧБЕК 3 двери,ХЕТЧБЕК 5 дверей,КУПЕ,ЛИФТБЭК 5 дверей,СЕДАН,УНИВЕРСАЛ,ВНЕДОРОЖНИК 3 дверный,ВНЕДОРОЖНИК 5 дверный,Капот,Деталь передньої панелі,(Додати),,,,замінити,зняти/встановити,ремонт,фарбування
"Рис.1 дв, ,  Рис.2дв.",ХЕТЧБЕК 3 двери,ХЕТЧБЕК 5 дверей,КУПЕ,ЛИФТБЭК 5 дверей,СЕДАН,УНИВЕРСАЛ,ВНЕДОРОЖНИК 3 дверный,ВНЕДОРОЖНИК 5 дверный,Капот,Деталь передньої панелі,Проєм передньої панелі,,розібрати/зібрати,усунення перекосу,замінити,,ремонт,фарбування
"Рис.1 дв, ,  Рис.2дв.",ХЕТЧБЕК 3 двери,ХЕТЧБЕК 5 дверей,КУПЕ,ЛИФТБЭК 5 дверей,СЕДАН,УНИВЕРСАЛ,ВНЕДОРОЖНИК 3 дверный,ВНЕДОРОЖНИК 5 дверный,Капот,Деталь передньої панелі,Проєм фари лів.,,розібрати/зібрати,,замінити,,ремонт,фарбування
"Рис.1 дв, ,  Рис.2дв.",ХЕТЧБЕК 3 двери,ХЕТЧБЕК 5 дверей,КУПЕ,ЛИФТБЭК 5 дверей,СЕДАН,УНИВЕРСАЛ,ВНЕДОРОЖНИК 3 дверный,ВНЕДОРОЖНИК 5 дверный,Капот,Деталь передньої панелі,Проєм фари пр.,,розібрати/зібрати,,замінити,,ремонт,фарбування
"Рис.1 дв, ,  Рис.2дв.",ХЕТЧБЕК 3 двери,ХЕТЧБЕК 5 дверей,КУПЕ,ЛИФТБЭК 5 дверей,СЕДАН,УНИВЕРСАЛ,ВНЕДОРОЖНИК 3 дверный,ВНЕДОРОЖНИК 5 дверный,Капот,Деталь передньої панелі,Передня панель,,розібрати/зібрати,,замінити,зняти/встановити,ремонт,фарбування
"Рис.1 дв, ,  Рис.2дв.",ХЕТЧБЕК 3 двери,ХЕТЧБЕК 5 дверей,КУПЕ,ЛИФТБЭК 5 дверей,СЕДАН,УНИВЕРСАЛ,ВНЕДОРОЖНИК 3 дверный,ВНЕДОРОЖНИК 5 дверный,Колесо заднє ліве,Диск колесний,,,,,замінити,зняти/встановити,ремонт,фарбування
"Рис.1 дв, ,  Рис.2дв.",ХЕТЧБЕК 3 двери,ХЕТЧБЕК 5 дверей,КУПЕ,ЛИФТБЭК 5 дверей,СЕДАН,УНИВЕРСАЛ,ВНЕДОРОЖНИК 3 дверный,ВНЕДОРОЖНИК 5 дверный,Колесо заднє ліве,Колесо,,,розібрати/зібрати,,замінити,зняти/встановити,,
"Рис.1 дв, ,  Рис.2дв.",ХЕТЧБЕК 3 двери,ХЕТЧБЕК 5 дверей,КУПЕ,ЛИФТБЭК 5 дверей,СЕДАН,УНИВЕРСАЛ,ВНЕДОРОЖНИК 3 дверный,ВНЕДОРОЖНИК 5 дверный,Колесо заднє ліве,Шина колеса,,,,,замінити,зняти/встановити,ремонт,
"Рис.1 дв, ,  Рис.2дв.",ХЕТЧБЕК 3 двери,ХЕТЧБЕК 5 дверей,КУПЕ,ЛИФТБЭК 5 дверей,СЕДАН,УНИВЕРСАЛ,ВНЕДОРОЖНИК 3 дверный,ВНЕДОРОЖНИК 5 дверный,Колесо заднє ліве,Деталь колеса,(Додати),,,,замінити,зняти/встановити,ремонт,
"Рис.1 дв, ,  Рис.2дв.",ХЕТЧБЕК 3 двери,ХЕТЧБЕК 5 дверей,КУПЕ,ЛИФТБЭК 5 дверей,СЕДАН,УНИВЕРСАЛ,ВНЕДОРОЖНИК 3 дверный,ВНЕДОРОЖНИК 5 дверный,Колесо заднє праве,Диск колесний зад.лів.,,,,,замінити,зняти/встановити,ремонт,фарбування
"Рис.1 дв, ,  Рис.2дв.",ХЕТЧБЕК 3 двери,ХЕТЧБЕК 5 дверей,КУПЕ,ЛИФТБЭК 5 дверей,СЕДАН,УНИВЕРСАЛ,ВНЕДОРОЖНИК 3 дверный,ВНЕДОРОЖНИК 5 дверный,Колесо заднє праве,Диск колесний зад.пр.,,,,,замінити,зняти/встановити,ремонт,фарбування
"Рис.1 дв, ,  Рис.2дв.",ХЕТЧБЕК 3 двери,ХЕТЧБЕК 5 дверей,КУПЕ,ЛИФТБЭК 5 дверей,СЕДАН,УНИВЕРСАЛ,ВНЕДОРОЖНИК 3 дверный,ВНЕДОРОЖНИК 5 дверный,Колесо заднє праве,Колесо заднє ліве,,,розібрати/зібрати,,замінити,зняти/встановити,,
"Рис.1 дв, ,  Рис.2дв.",ХЕТЧБЕК 3 двери,ХЕТЧБЕК 5 дверей,КУПЕ,ЛИФТБЭК 5 дверей,СЕДАН,УНИВЕРСАЛ,ВНЕДОРОЖНИК 3 дверный,ВНЕДОРОЖНИК 5 дверный,Колесо заднє праве,Колесо заднє праве,,,розібрати/зібрати,,замінити,зняти/встановити,,
"Рис.1 дв, ,  Рис.2дв.",ХЕТЧБЕК 3 двери,ХЕТЧБЕК 5 дверей,КУПЕ,ЛИФТБЭК 5 дверей,СЕДАН,УНИВЕРСАЛ,ВНЕДОРОЖНИК 3 дверный,ВНЕДОРОЖНИК 5 дверный,Колесо заднє праве,Шина колеса зад.лів.,,,,,замінити,зняти/встановити,ремонт,
"Рис.1 дв, ,  Рис.2дв.",ХЕТЧБЕК 3 двери,ХЕТЧБЕК 5 дверей,КУПЕ,ЛИФТБЭК 5 дверей,СЕДАН,УНИВЕРСАЛ,ВНЕДОРОЖНИК 3 дверный,ВНЕДОРОЖНИК 5 дверный,Колесо заднє праве,Шина колеса зад.пр.,,,,,замінити,зняти/встановити,ремонт,
"Рис.1 дв, ,  Рис.2дв.",ХЕТЧБЕК 3 двери,ХЕТЧБЕК 5 дверей,КУПЕ,ЛИФТБЭК 5 дверей,СЕДАН,УНИВЕРСАЛ,ВНЕДОРОЖНИК 3 дверный,ВНЕДОРОЖНИК 5 дверный,Колесо заднє праве,Деталь колеса зад.лів.,(Додати),,,,замінити,зняти/встановити,ремонт,
"Рис.1 дв, ,  Рис.2дв.",ХЕТЧБЕК 3 двери,ХЕТЧБЕК 5 дверей,КУПЕ,ЛИФТБЭК 5 дверей,СЕДАН,УНИВЕРСАЛ,ВНЕДОРОЖНИК 3 дверный,ВНЕДОРОЖНИК 5 дверный,Колесо заднє праве,Деталь колеса зад.пр.,(Додати),,,,замінити,зняти/встановити,ремонт,
"Рис.1 дв, ,  Рис.2дв.",ХЕТЧБЕК 3 двери,ХЕТЧБЕК 5 дверей,КУПЕ,ЛИФТБЭК 5 дверей,СЕДАН,УНИВЕРСАЛ,ВНЕДОРОЖНИК 3 дверный,ВНЕДОРОЖНИК 5 дверный,Колесо переднє ліве,Диск колесний пер.лів.,,,,,замінити,зняти/встановити,ремонт,фарбування
"Рис.1 дв, ,  Рис.2дв.",ХЕТЧБЕК 3 двери,ХЕТЧБЕК 5 дверей,КУПЕ,ЛИФТБЭК 5 дверей,СЕДАН,УНИВЕРСАЛ,ВНЕДОРОЖНИК 3 дверный,ВНЕДОРОЖНИК 5 дверный,Колесо переднє ліве,Колесо переднє ліве,,,розібрати/зібрати,,замінити,зняти/встановити,,
"Рис.1 дв, ,  Рис.2дв.",ХЕТЧБЕК 3 двери,ХЕТЧБЕК 5 дверей,КУПЕ,ЛИФТБЭК 5 дверей,СЕДАН,УНИВЕРСАЛ,ВНЕДОРОЖНИК 3 дверный,ВНЕДОРОЖНИК 5 дверный,Колесо переднє ліве,Шина колеса пер.лів.,,,,,замінити,зняти/встановити,ремонт,
"Рис.1 дв, ,  Рис.2дв.",ХЕТЧБЕК 3 двери,ХЕТЧБЕК 5 дверей,КУПЕ,ЛИФТБЭК 5 дверей,СЕДАН,УНИВЕРСАЛ,ВНЕДОРОЖНИК 3 дверный,ВНЕДОРОЖНИК 5 дверный,Колесо переднє ліве,Деталь колеса пер.лів.,(Додати),,,,замінити,зняти/встановити,ремонт,
"Рис.1 дв, ,  Рис.2дв.",ХЕТЧБЕК 3 двери,ХЕТЧБЕК 5 дверей,КУПЕ,ЛИФТБЭК 5 дверей,СЕДАН,УНИВЕРСАЛ,ВНЕДОРОЖНИК 3 дверный,ВНЕДОРОЖНИК 5 дверный,Колесо переднє праве,Диск колесний пер.пр.,,,,,замінити,зняти/встановити,ремонт,фарбування
"Рис.1 дв, ,  Рис.2дв.",ХЕТЧБЕК 3 двери,ХЕТЧБЕК 5 дверей,КУПЕ,ЛИФТБЭК 5 дверей,СЕДАН,УНИВЕРСАЛ,ВНЕДОРОЖНИК 3 дверный,ВНЕДОРОЖНИК 5 дверный,Колесо переднє праве,Колесо переднє праве,,,розібрати/зібрати,,замінити,зняти/встановити,,
"Рис.1 дв, ,  Рис.2дв.",ХЕТЧБЕК 3 двери,ХЕТЧБЕК 5 дверей,КУПЕ,ЛИФТБЭК 5 дверей,СЕДАН,УНИВЕРСАЛ,ВНЕДОРОЖНИК 3 дверный,ВНЕДОРОЖНИК 5 дверный,Колесо переднє праве,Шина колеса пер.пр.,,,,,замінити,зняти/встановити,ремонт,
"Рис.1 дв, ,  Рис.2дв.",ХЕТЧБЕК 3 двери,ХЕТЧБЕК 5 дверей,КУПЕ,ЛИФТБЭК 5 дверей,СЕДАН,УНИВЕРСАЛ,ВНЕДОРОЖНИК 3 дверный,ВНЕДОРОЖНИК 5 дверный,Колесо переднє праве,Деталь колеса пер.пр.,(Додати),,,,замінити,зняти/встановити,ремонт,
"Рис.1 дв, ,  Рис.2дв.",ХЕТЧБЕК 3 двери,ХЕТЧБЕК 5 дверей,КУПЕ,ЛИФТБЭК 5 дверей,СЕДАН,УНИВЕРСАЛ,ВНЕДОРОЖНИК 3 дверный,ВНЕДОРОЖНИК 5 дверный,Крило заднє ліве,Крило заднє ліве,,программа,,,,,,
"Рис.1 дв, ,  Рис.2дв.",ХЕТЧБЕК 3 двери,ХЕТЧБЕК 5 дверей,КУПЕ,ЛИФТБЭК 5 дверей,СЕДАН,УНИВЕРСАЛ,ВНЕДОРОЖНИК 3 дверный,ВНЕДОРОЖНИК 5 дверный,Крило заднє ліве,Деталь декор. крила зад.лів.,(Додати),,,,замінити,зняти/встановити,ремонт,фарбування
"Рис.1 дв, ,  Рис.2дв.",ХЕТЧБЕК 3 двери,ХЕТЧБЕК 5 дверей,КУПЕ,ЛИФТБЭК 5 дверей,СЕДАН,УНИВЕРСАЛ,ВНЕДОРОЖНИК 3 дверный,ВНЕДОРОЖНИК 5 дверный,Крило заднє ліве,Деталь декор. крила зад.лів.,Молдніг крила зад.лів.,,,,замінити,зняти/встановити,ремонт,фарбування
"Рис.1 дв, ,  Рис.2дв.",ХЕТЧБЕК 3 двери,ХЕТЧБЕК 5 дверей,КУПЕ,ЛИФТБЭК 5 дверей,СЕДАН,УНИВЕРСАЛ,ВНЕДОРОЖНИК 3 дверный,ВНЕДОРОЖНИК 5 дверный,Крило заднє ліве,Деталь декор. крила зад.лів.,Накладка арки крила зад.лів.,,,,замінити,зняти/встановити,ремонт,фарбування
"Рис.1 дв, ,  Рис.2дв.",ХЕТЧБЕК 3 двери,ХЕТЧБЕК 5 дверей,КУПЕ,ЛИФТБЭК 5 дверей,СЕДАН,УНИВЕРСАЛ,ВНЕДОРОЖНИК 3 дверный,ВНЕДОРОЖНИК 5 дверный,Крило заднє ліве,Деталь декор. крила зад.лів.,Накладка крила зад.лів.,,,,замінити,зняти/встановити,ремонт,фарбування
"Рис.1 дв, ,  Рис.2дв.",ХЕТЧБЕК 3 двери,ХЕТЧБЕК 5 дверей,КУПЕ,ЛИФТБЭК 5 дверей,СЕДАН,УНИВЕРСАЛ,ВНЕДОРОЖНИК 3 дверный,ВНЕДОРОЖНИК 5 дверный,Крило заднє ліве,Деталь крила зад.лів.,Горловина заправочна ліва,,розібрати/зібрати,,замінити,зняти/встановити,ремонт,фарбування
"Рис.1 дв, ,  Рис.2дв.",ХЕТЧБЕК 3 двери,ХЕТЧБЕК 5 дверей,КУПЕ,ЛИФТБЭК 5 дверей,СЕДАН,УНИВЕРСАЛ,ВНЕДОРОЖНИК 3 дверный,ВНЕДОРОЖНИК 5 дверный,Крило заднє ліве,Деталь крила зад.лів.,Палив.люк крила зад.лів.,,,,замінити,зняти/встановити,ремонт,фарбування
"Рис.1 дв, ,  Рис.2дв.",ХЕТЧБЕК 3 двери,ХЕТЧБЕК 5 дверей,КУПЕ,ЛИФТБЭК 5 дверей,СЕДАН,УНИВЕРСАЛ,ВНЕДОРОЖНИК 3 дверный,ВНЕДОРОЖНИК 5 дверный,Крило заднє ліве,Деталь крила зад.лів.,Підкрилок зад.лів.,,,,замінити,зняти/встановити,ремонт,
"Рис.1 дв, ,  Рис.2дв.",ХЕТЧБЕК 3 двери,ХЕТЧБЕК 5 дверей,КУПЕ,ЛИФТБЭК 5 дверей,СЕДАН,УНИВЕРСАЛ,ВНЕДОРОЖНИК 3 дверный,ВНЕДОРОЖНИК 5 дверный,Крило заднє ліве,Деталь крила зад.лів.,Проєм крила зад.лів.,,розібрати/зібрати,усунення перекосу,замінити,зняти/встановити,ремонт,фарбування
"Рис.1 дв, ,  Рис.2дв.",ХЕТЧБЕК 3 двери,ХЕТЧБЕК 5 дверей,КУПЕ,ЛИФТБЭК 5 дверей,СЕДАН,УНИВЕРСАЛ,ВНЕДОРОЖНИК 3 дверный,ВНЕДОРОЖНИК 5 дверный,Крило заднє ліве,Деталь крила зад.лів.,Арка крила зад.лів.,,розібрати/зібрати,,замінити,зняти/встановити,ремонт,фарбування
"Рис.1 дв, ,  Рис.2дв.",ХЕТЧБЕК 3 двери,ХЕТЧБЕК 5 дверей,КУПЕ,ЛИФТБЭК 5 дверей,СЕДАН,УНИВЕРСАЛ,ВНЕДОРОЖНИК 3 дверный,ВНЕДОРОЖНИК 5 дверный,Крило заднє ліве,Деталь крила зад.лів.,Кронштейн пер. крила зад.лів.,,,,замінити,зняти/встановити,ремонт,фарбування
"Рис.1 дв, ,  Рис.2дв.",ХЕТЧБЕК 3 двери,ХЕТЧБЕК 5 дверей,КУПЕ,ЛИФТБЭК 5 дверей,СЕДАН,УНИВЕРСАЛ,ВНЕДОРОЖНИК 3 дверный,ВНЕДОРОЖНИК 5 дверный,Крило заднє ліве,Деталь крила зад.лів.,(Додати),,,,замінити,зняти/встановити,ремонт,фарбування
"Рис.1 дв, ,  Рис.2дв.",ХЕТЧБЕК 3 двери,ХЕТЧБЕК 5 дверей,КУПЕ,ЛИФТБЭК 5 дверей,СЕДАН,УНИВЕРСАЛ,ВНЕДОРОЖНИК 3 дверный,ВНЕДОРОЖНИК 5 дверный,Крило переднє ліве,Крило переднє ліве,,программа,,,,,,
"Рис.1 дв, ,  Рис.2дв.",ХЕТЧБЕК 3 двери,ХЕТЧБЕК 5 дверей,КУПЕ,ЛИФТБЭК 5 дверей,СЕДАН,УНИВЕРСАЛ,ВНЕДОРОЖНИК 3 дверный,ВНЕДОРОЖНИК 5 дверный,Крило переднє ліве,Деталь крила пер.лів,Підкрилок пер.лів.,,,,замінити,зняти/встановити,ремонт,
"Рис.1 дв, ,  Рис.2дв.",ХЕТЧБЕК 3 двери,ХЕТЧБЕК 5 дверей,КУПЕ,ЛИФТБЭК 5 дверей,СЕДАН,УНИВЕРСАЛ,ВНЕДОРОЖНИК 3 дверный,ВНЕДОРОЖНИК 5 дверный,Крило переднє ліве,Деталь крила пер.лів,Проєм крила пер.лів.,,розібрати/зібрати,усунення перекосу,,,ремонт,фарбування
"Рис.1 дв, ,  Рис.2дв.",ХЕТЧБЕК 3 двери,ХЕТЧБЕК 5 дверей,КУПЕ,ЛИФТБЭК 5 дверей,СЕДАН,УНИВЕРСАЛ,ВНЕДОРОЖНИК 3 дверный,ВНЕДОРОЖНИК 5 дверный,Крило переднє ліве,Деталь крила пер.лів,(Додати),,,,замінити,зняти/встановити,ремонт,фарбування
"Рис.1 дв, ,  Рис.2дв.",ХЕТЧБЕК 3 двери,ХЕТЧБЕК 5 дверей,КУПЕ,ЛИФТБЭК 5 дверей,СЕДАН,УНИВЕРСАЛ,ВНЕДОРОЖНИК 3 дверный,ВНЕДОРОЖНИК 5 дверный,Крило переднє ліве,Деталь Декор. крила пер.лів.,(Додати),,,,замінити,зняти/встановити,ремонт,фарбування
"Рис.1 дв, ,  Рис.2дв.",ХЕТЧБЕК 3 двери,ХЕТЧБЕК 5 дверей,КУПЕ,ЛИФТБЭК 5 дверей,СЕДАН,УНИВЕРСАЛ,ВНЕДОРОЖНИК 3 дверный,ВНЕДОРОЖНИК 5 дверный,Крило переднє ліве,Деталь Декор. крила пер.лів.,молдніг крила пер.лів.,,,,замінити,зняти/встановити,ремонт,фарбування
"Рис.1 дв, ,  Рис.2дв.",ХЕТЧБЕК 3 двери,ХЕТЧБЕК 5 дверей,КУПЕ,ЛИФТБЭК 5 дверей,СЕДАН,УНИВЕРСАЛ,ВНЕДОРОЖНИК 3 дверный,ВНЕДОРОЖНИК 5 дверный,Крило переднє ліве,Деталь Декор. крила пер.лів.,Накладка арки крила пер.лів.,,,,замінити,зняти/встановити,ремонт,фарбування
"Рис.1 дв, ,  Рис.2дв.",ХЕТЧБЕК 3 двери,ХЕТЧБЕК 5 дверей,КУПЕ,ЛИФТБЭК 5 дверей,СЕДАН,УНИВЕРСАЛ,ВНЕДОРОЖНИК 3 дверный,ВНЕДОРОЖНИК 5 дверный,Крило переднє ліве,Деталь Декор. крила пер.лів.,накладка крила пер.лів.,,,,замінити,зняти/встановити,ремонт,фарбування
"Рис.1 дв, ,  Рис.2дв.",ХЕТЧБЕК 3 двери,ХЕТЧБЕК 5 дверей,КУПЕ,ЛИФТБЭК 5 дверей,СЕДАН,УНИВЕРСАЛ,ВНЕДОРОЖНИК 3 дверный,ВНЕДОРОЖНИК 5 дверный,Крило переднє ліве,Деталь Кронштейни крила пер.лів.,(Додати),,,,замінити,зняти/встановити,ремонт,фарбування
"Рис.1 дв, ,  Рис.2дв.",ХЕТЧБЕК 3 двери,ХЕТЧБЕК 5 дверей,КУПЕ,ЛИФТБЭК 5 дверей,СЕДАН,УНИВЕРСАЛ,ВНЕДОРОЖНИК 3 дверный,ВНЕДОРОЖНИК 5 дверный,Крило переднє ліве,Деталь Кронштейни крила пер.лів.,Кронштейн зад. крила пер.лів.,,,,замінити,зняти/встановити,ремонт,фарбування
"Рис.1 дв, ,  Рис.2дв.",ХЕТЧБЕК 3 двери,ХЕТЧБЕК 5 дверей,КУПЕ,ЛИФТБЭК 5 дверей,СЕДАН,УНИВЕРСАЛ,ВНЕДОРОЖНИК 3 дверный,ВНЕДОРОЖНИК 5 дверный,Крило переднє ліве,Деталь Кронштейни крила пер.лів.,Кронштейн низ. крила пер.лів.,,,,замінити,зняти/встановити,ремонт,фарбування
"Рис.1 дв, ,  Рис.2дв.",ХЕТЧБЕК 3 двери,ХЕТЧБЕК 5 дверей,КУПЕ,ЛИФТБЭК 5 дверей,СЕДАН,УНИВЕРСАЛ,ВНЕДОРОЖНИК 3 дверный,ВНЕДОРОЖНИК 5 дверный,Крило переднє ліве,Деталь Кронштейни крила пер.лів.,Кронштейн пер. крила пер.лів.,,,,замінити,зняти/встановити,ремонт,фарбування
"Рис.1 дв, ,  Рис.2дв.",ХЕТЧБЕК 3 двери,ХЕТЧБЕК 5 дверей,КУПЕ,ЛИФТБЭК 5 дверей,СЕДАН,УНИВЕРСАЛ,ВНЕДОРОЖНИК 3 дверный,ВНЕДОРОЖНИК 5 дверный,Крило переднє ліве,Деталь Кронштейни крила пер.лів.,Кронштейн серед. крила пер.лів.,,,,замінити,зняти/встановити,ремонт,фарбування
"Рис.1 дв, ,  Рис.2дв.",ХЕТЧБЕК 3 двери,ХЕТЧБЕК 5 дверей,КУПЕ,ЛИФТБЭК 5 дверей,СЕДАН,УНИВЕРСАЛ,ВНЕДОРОЖНИК 3 дверный,ВНЕДОРОЖНИК 5 дверный,Крило переднє праве,Крило переднє праве,,программа,,,,,,
"Рис.1 дв, ,  Рис.2дв.",ХЕТЧБЕК 3 двери,ХЕТЧБЕК 5 дверей,КУПЕ,ЛИФТБЭК 5 дверей,СЕДАН,УНИВЕРСАЛ,ВНЕДОРОЖНИК 3 дверный,ВНЕДОРОЖНИК 5 дверный,Крило переднє праве,Деталь крила пер.пр.,Підкрилок пер.пр,,,,замінити,зняти/встановити,ремонт,
"Рис.1 дв, ,  Рис.2дв.",ХЕТЧБЕК 3 двери,ХЕТЧБЕК 5 дверей,КУПЕ,ЛИФТБЭК 5 дверей,СЕДАН,УНИВЕРСАЛ,ВНЕДОРОЖНИК 3 дверный,ВНЕДОРОЖНИК 5 дверный,Крило переднє праве,Деталь крила пер.пр.,Проєм крила пер.пр,,розібрати/зібрати,усунення перекосу,,,ремонт,фарбування
"Рис.1 дв, ,  Рис.2дв.",ХЕТЧБЕК 3 двери,ХЕТЧБЕК 5 дверей,КУПЕ,ЛИФТБЭК 5 дверей,СЕДАН,УНИВЕРСАЛ,ВНЕДОРОЖНИК 3 дверный,ВНЕДОРОЖНИК 5 дверный,Крило переднє праве,Деталь крила пер.пр.,(Додати),,розібрати/зібрати,,замінити,зняти/встановити,ремонт,фарбування
"Рис.1 дв, ,  Рис.2дв.",ХЕТЧБЕК 3 двери,ХЕТЧБЕК 5 дверей,КУПЕ,ЛИФТБЭК 5 дверей,СЕДАН,УНИВЕРСАЛ,ВНЕДОРОЖНИК 3 дверный,ВНЕДОРОЖНИК 5 дверный,Крило переднє праве,Деталь Декор. крила пер.пр.,(Додати),,,,замінити,зняти/встановити,ремонт,фарбування
"Рис.1 дв, ,  Рис.2дв.",ХЕТЧБЕК 3 двери,ХЕТЧБЕК 5 дверей,КУПЕ,ЛИФТБЭК 5 дверей,СЕДАН,УНИВЕРСАЛ,ВНЕДОРОЖНИК 3 дверный,ВНЕДОРОЖНИК 5 дверный,Крило переднє праве,Деталь Декор. крила пер.пр.,Молдніг крила пер.пр.,,,,замінити,зняти/встановити,ремонт,фарбування
"Рис.1 дв, ,  Рис.2дв.",ХЕТЧБЕК 3 двери,ХЕТЧБЕК 5 дверей,КУПЕ,ЛИФТБЭК 5 дверей,СЕДАН,УНИВЕРСАЛ,ВНЕДОРОЖНИК 3 дверный,ВНЕДОРОЖНИК 5 дверный,Крило переднє праве,Деталь Декор. крила пер.пр.,Накладка арки крила пер.пр.,,,,замінити,зняти/встановити,ремонт,фарбування
"Рис.1 дв, ,  Рис.2дв.",ХЕТЧБЕК 3 двери,ХЕТЧБЕК 5 дверей,КУПЕ,ЛИФТБЭК 5 дверей,СЕДАН,УНИВЕРСАЛ,ВНЕДОРОЖНИК 3 дверный,ВНЕДОРОЖНИК 5 дверный,Крило переднє праве,Деталь Декор. крила пер.пр.,Накладка крила пер.пр.,,,,замінити,зняти/встановити,ремонт,фарбування
"Рис.1 дв, ,  Рис.2дв.",ХЕТЧБЕК 3 двери,ХЕТЧБЕК 5 дверей,КУПЕ,ЛИФТБЭК 5 дверей,СЕДАН,УНИВЕРСАЛ,ВНЕДОРОЖНИК 3 дверный,ВНЕДОРОЖНИК 5 дверный,Крило переднє праве,Деталь Кронштейни крила пер.пр.,(Додати),,,,замінити,зняти/встановити,ремонт,фарбування
"Рис.1 дв, ,  Рис.2дв.",ХЕТЧБЕК 3 двери,ХЕТЧБЕК 5 дверей,КУПЕ,ЛИФТБЭК 5 дверей,СЕДАН,УНИВЕРСАЛ,ВНЕДОРОЖНИК 3 дверный,ВНЕДОРОЖНИК 5 дверный,Крило переднє праве,Деталь Кронштейни крила пер.пр.,Кронштейн зад. крила пер.пр.,,,,замінити,зняти/встановити,ремонт,фарбування
"Рис.1 дв, ,  Рис.2дв.",ХЕТЧБЕК 3 двери,ХЕТЧБЕК 5 дверей,КУПЕ,ЛИФТБЭК 5 дверей,СЕДАН,УНИВЕРСАЛ,ВНЕДОРОЖНИК 3 дверный,ВНЕДОРОЖНИК 5 дверный,Крило переднє праве,Деталь Кронштейни крила пер.пр.,Кронштейн низ. крила пер.пр.,,,,замінити,зняти/встановити,ремонт,фарбування
"Рис.1 дв, ,  Рис.2дв.",ХЕТЧБЕК 3 двери,ХЕТЧБЕК 5 дверей,КУПЕ,ЛИФТБЭК 5 дверей,СЕДАН,УНИВЕРСАЛ,ВНЕДОРОЖНИК 3 дверный,ВНЕДОРОЖНИК 5 дверный,Крило переднє праве,Деталь Кронштейни крила пер.пр.,Кронштейн пер. крила пер.пр.,,,,замінити,зняти/встановити,ремонт,фарбування
"Рис.1 дв, ,  Рис.2дв.",ХЕТЧБЕК 3 двери,ХЕТЧБЕК 5 дверей,КУПЕ,ЛИФТБЭК 5 дверей,СЕДАН,УНИВЕРСАЛ,ВНЕДОРОЖНИК 3 дверный,ВНЕДОРОЖНИК 5 дверный,Крило переднє праве,Деталь Кронштейни крила пер.пр.,Кронштейн серед. крила пер.пр.,,,,замінити,зняти/встановити,ремонт,фарбування
"Рис.1 дв, ,  Рис.2дв.",ХЕТЧБЕК 3 двери,ХЕТЧБЕК 5 дверей,КУПЕ,ЛИФТБЭК 5 дверей,СЕДАН,УНИВЕРСАЛ,ВНЕДОРОЖНИК 3 дверный,ВНЕДОРОЖНИК 5 дверный,Кришка багажника,Багажний відсік,,,розібрати/зібрати,,,,ремонт,фарбування
"Рис.1 дв, ,  Рис.2дв.",ХЕТЧБЕК 3 двери,ХЕТЧБЕК 5 дверей,КУПЕ,ЛИФТБЭК 5 дверей,СЕДАН,УНИВЕРСАЛ,ВНЕДОРОЖНИК 3 дверный,ВНЕДОРОЖНИК 5 дверный,Кришка багажника,Задня панель,,,,,замінити,зняти/встановити,ремонт,фарбування
"Рис.1 дв, ,  Рис.2дв.",ХЕТЧБЕК 3 двери,ХЕТЧБЕК 5 дверей,КУПЕ,ЛИФТБЭК 5 дверей,СЕДАН,УНИВЕРСАЛ,ВНЕДОРОЖНИК 3 дверный,ВНЕДОРОЖНИК 5 дверный,Кришка багажника,Кришка багажника,,программа,,,,,,
"Рис.1 дв, ,  Рис.2дв.",ХЕТЧБЕК 3 двери,ХЕТЧБЕК 5 дверей,КУПЕ,ЛИФТБЭК 5 дверей,СЕДАН,УНИВЕРСАЛ,ВНЕДОРОЖНИК 3 дверный,ВНЕДОРОЖНИК 5 дверный,Кришка багажника,Деталі багажного відсіку,Проем кришки багажника,,,,замінити,зняти/встановити,ремонт,фарбування
"Рис.1 дв, ,  Рис.2дв.",ХЕТЧБЕК 3 двери,ХЕТЧБЕК 5 дверей,КУПЕ,ЛИФТБЭК 5 дверей,СЕДАН,УНИВЕРСАЛ,ВНЕДОРОЖНИК 3 дверный,ВНЕДОРОЖНИК 5 дверный,Кришка багажника,Деталі багажного відсіку,(Додати),,,,замінити,зняти/встановити,ремонт,фарбування
"Рис.1 дв, ,  Рис.2дв.",ХЕТЧБЕК 3 двери,ХЕТЧБЕК 5 дверей,КУПЕ,ЛИФТБЭК 5 дверей,СЕДАН,УНИВЕРСАЛ,ВНЕДОРОЖНИК 3 дверный,ВНЕДОРОЖНИК 5 дверный,Кришка багажника,Деталі багажного відсіку,Підлога багажника,,розібрати/зібрати,,замінити,,ремонт,фарбування
"Рис.1 дв, ,  Рис.2дв.",ХЕТЧБЕК 3 двери,ХЕТЧБЕК 5 дверей,КУПЕ,ЛИФТБЭК 5 дверей,СЕДАН,УНИВЕРСАЛ,ВНЕДОРОЖНИК 3 дверный,ВНЕДОРОЖНИК 5 дверный,Кришка багажника,Деталі багажного відсіку,Проводка багажного відсіку,,,,замінити,зняти/встановити,ремонт,
"Рис.1 дв, ,  Рис.2дв.",ХЕТЧБЕК 3 двери,ХЕТЧБЕК 5 дверей,КУПЕ,ЛИФТБЭК 5 дверей,СЕДАН,УНИВЕРСАЛ,ВНЕДОРОЖНИК 3 дверный,ВНЕДОРОЖНИК 5 дверный,Кришка багажника,Деталь задньої панелі,(Додати),,,,замінити,зняти/встановити,ремонт,фарбування
"Рис.1 дв, ,  Рис.2дв.",ХЕТЧБЕК 3 двери,ХЕТЧБЕК 5 дверей,КУПЕ,ЛИФТБЭК 5 дверей,СЕДАН,УНИВЕРСАЛ,ВНЕДОРОЖНИК 3 дверный,ВНЕДОРОЖНИК 5 дверный,Кришка багажника,Деталь задньої панелі,(Додати),,,,замінити,зняти/встановити,ремонт,фарбування
"Рис.1 дв, ,  Рис.2дв.",ХЕТЧБЕК 3 двери,ХЕТЧБЕК 5 дверей,КУПЕ,ЛИФТБЭК 5 дверей,СЕДАН,УНИВЕРСАЛ,ВНЕДОРОЖНИК 3 дверный,ВНЕДОРОЖНИК 5 дверный,Кришка багажника,Деталь задньої панелі,Бризговик зад.лів.,,розібрати/зібрати,,замінити,зняти/встановити,ремонт,фарбування
"Рис.1 дв, ,  Рис.2дв.",ХЕТЧБЕК 3 двери,ХЕТЧБЕК 5 дверей,КУПЕ,ЛИФТБЭК 5 дверей,СЕДАН,УНИВЕРСАЛ,ВНЕДОРОЖНИК 3 дверный,ВНЕДОРОЖНИК 5 дверный,Кришка багажника,Деталь задньої панелі,Бризговик зад.пр.,,розібрати/зібрати,,замінити,зняти/встановити,ремонт,фарбування
"Рис.1 дв, ,  Рис.2дв.",ХЕТЧБЕК 3 двери,ХЕТЧБЕК 5 дверей,КУПЕ,ЛИФТБЭК 5 дверей,СЕДАН,УНИВЕРСАЛ,ВНЕДОРОЖНИК 3 дверный,ВНЕДОРОЖНИК 5 дверный,Кришка багажника,Деталь задньої панелі,Кінцівка лонжерона зад.лів.,,розібрати/зібрати,усунення перекосу,замінити,,ремонт,фарбування
"Рис.1 дв, ,  Рис.2дв.",ХЕТЧБЕК 3 двери,ХЕТЧБЕК 5 дверей,КУПЕ,ЛИФТБЭК 5 дверей,СЕДАН,УНИВЕРСАЛ,ВНЕДОРОЖНИК 3 дверный,ВНЕДОРОЖНИК 5 дверный,Кришка багажника,Деталь задньої панелі,Кінцівка лонжерона зад.пр.,,розібрати/зібрати,усунення перекосу,замінити,,ремонт,фарбування
"Рис.1 дв, ,  Рис.2дв.",ХЕТЧБЕК 3 двери,ХЕТЧБЕК 5 дверей,КУПЕ,ЛИФТБЭК 5 дверей,СЕДАН,УНИВЕРСАЛ,ВНЕДОРОЖНИК 3 дверный,ВНЕДОРОЖНИК 5 дверный,Кришка багажника,Деталь задньої панелі,Лонжерон зад.лів.,,розібрати/зібрати,усунення перекосу,замінити,,ремонт,фарбування
"Рис.1 дв, ,  Рис.2дв.",ХЕТЧБЕК 3 двери,ХЕТЧБЕК 5 дверей,КУПЕ,ЛИФТБЭК 5 дверей,СЕДАН,УНИВЕРСАЛ,ВНЕДОРОЖНИК 3 дверный,ВНЕДОРОЖНИК 5 дверный,Кришка багажника,Деталь задньої панелі,Лонжерон зад.пр.,,розібрати/зібрати,усунення перекосу,замінити,,ремонт,фарбування
"Рис.1 дв, ,  Рис.2дв.",ХЕТЧБЕК 3 двери,ХЕТЧБЕК 5 дверей,КУПЕ,ЛИФТБЭК 5 дверей,СЕДАН,УНИВЕРСАЛ,ВНЕДОРОЖНИК 3 дверный,ВНЕДОРОЖНИК 5 дверный,Кришка багажника,Деталь задньої панелі,Проем багажника,,розібрати/зібрати,усунення перекосу,замінити,,ремонт,фарбування
"Рис.1 дв, ,  Рис.2дв.",ХЕТЧБЕК 3 двери,ХЕТЧБЕК 5 дверей,КУПЕ,ЛИФТБЭК 5 дверей,СЕДАН,УНИВЕРСАЛ,ВНЕДОРОЖНИК 3 дверный,ВНЕДОРОЖНИК 5 дверный,Кришка багажника,Деталь задньої панелі,Проєм задньої панелі,,розібрати/зібрати,усунення перекосу,замінити,,ремонт,фарбування
"Рис.1 дв, ,  Рис.2дв.",ХЕТЧБЕК 3 двери,ХЕТЧБЕК 5 дверей,КУПЕ,ЛИФТБЭК 5 дверей,СЕДАН,УНИВЕРСАЛ,ВНЕДОРОЖНИК 3 дверный,ВНЕДОРОЖНИК 5 дверный,Кришка багажника,Деталь задньої панелі,Проєм фонаря лів.,,розібрати/зібрати,,замінити,,ремонт,фарбування
"Рис.1 дв, ,  Рис.2дв.",ХЕТЧБЕК 3 двери,ХЕТЧБЕК 5 дверей,КУПЕ,ЛИФТБЭК 5 дверей,СЕДАН,УНИВЕРСАЛ,ВНЕДОРОЖНИК 3 дверный,ВНЕДОРОЖНИК 5 дверный,Кришка багажника,Деталь задньої панелі,Проєм фонаря пр.,,розібрати/зібрати,,замінити,,ремонт,фарбування
"Рис.1 дв, ,  Рис.2дв.",ХЕТЧБЕК 3 двери,ХЕТЧБЕК 5 дверей,КУПЕ,ЛИФТБЭК 5 дверей,СЕДАН,УНИВЕРСАЛ,ВНЕДОРОЖНИК 3 дверный,ВНЕДОРОЖНИК 5 дверный,Кришка багажника,Деталь кришки багажника,Підсилювач кришки багажника,,розібрати/зібрати,усунення перекосу,,,ремонт,фарбування
"Рис.1 дв, ,  Рис.2дв.",ХЕТЧБЕК 3 двери,ХЕТЧБЕК 5 дверей,КУПЕ,ЛИФТБЭК 5 дверей,СЕДАН,УНИВЕРСАЛ,ВНЕДОРОЖНИК 3 дверный,ВНЕДОРОЖНИК 5 дверный,Кришка багажника,Деталь кришки багажника,(Додати),,,,замінити,зняти/встановити,ремонт,фарбування
"Рис.1 дв, ,  Рис.2дв.",ХЕТЧБЕК 3 двери,ХЕТЧБЕК 5 дверей,КУПЕ,ЛИФТБЭК 5 дверей,СЕДАН,УНИВЕРСАЛ,ВНЕДОРОЖНИК 3 дверный,ВНЕДОРОЖНИК 5 дверный,Кришка багажника,Деталь кришки багажника,Амортизатор лів. кришки багажника,,,,замінити,зняти/встановити,,
"Рис.1 дв, ,  Рис.2дв.",ХЕТЧБЕК 3 двери,ХЕТЧБЕК 5 дверей,КУПЕ,ЛИФТБЭК 5 дверей,СЕДАН,УНИВЕРСАЛ,ВНЕДОРОЖНИК 3 дверный,ВНЕДОРОЖНИК 5 дверный,Кришка багажника,Деталь кришки багажника,Амортизатор пр. кришки багажника,,,,замінити,зняти/встановити,,
"Рис.1 дв, ,  Рис.2дв.",ХЕТЧБЕК 3 двери,ХЕТЧБЕК 5 дверей,КУПЕ,ЛИФТБЭК 5 дверей,СЕДАН,УНИВЕРСАЛ,ВНЕДОРОЖНИК 3 дверный,ВНЕДОРОЖНИК 5 дверный,Кришка багажника,Деталь кришки багажника,Емблема кришки багажника,,,,замінити,зняти/встановити,,
"Рис.1 дв, ,  Рис.2дв.",ХЕТЧБЕК 3 двери,ХЕТЧБЕК 5 дверей,КУПЕ,ЛИФТБЭК 5 дверей,СЕДАН,УНИВЕРСАЛ,ВНЕДОРОЖНИК 3 дверный,ВНЕДОРОЖНИК 5 дверный,Кришка багажника,Деталь кришки багажника,Замок багажника,,,,замінити,зняти/встановити,ремонт,
"Рис.1 дв, ,  Рис.2дв.",ХЕТЧБЕК 3 двери,ХЕТЧБЕК 5 дверей,КУПЕ,ЛИФТБЭК 5 дверей,СЕДАН,УНИВЕРСАЛ,ВНЕДОРОЖНИК 3 дверный,ВНЕДОРОЖНИК 5 дверный,Кришка багажника,Деталь кришки багажника,Кліпси кришки багажника,,,,замінити,зняти/встановити,,
"Рис.1 дв, ,  Рис.2дв.",ХЕТЧБЕК 3 двери,ХЕТЧБЕК 5 дверей,КУПЕ,ЛИФТБЭК 5 дверей,СЕДАН,УНИВЕРСАЛ,ВНЕДОРОЖНИК 3 дверный,ВНЕДОРОЖНИК 5 дверный,Кришка багажника,Деталь кришки багажника,Логотип кришки багажника,,,,замінити,зняти/встановити,,
"Рис.1 дв, ,  Рис.2дв.",ХЕТЧБЕК 3 двери,ХЕТЧБЕК 5 дверей,КУПЕ,ЛИФТБЭК 5 дверей,СЕДАН,УНИВЕРСАЛ,ВНЕДОРОЖНИК 3 дверный,ВНЕДОРОЖНИК 5 дверный,Кришка багажника,Деталь кришки багажника,Обшивка кришки багажника,,,,замінити,зняти/встановити,ремонт,
"Рис.1 дв, ,  Рис.2дв.",ХЕТЧБЕК 3 двери,ХЕТЧБЕК 5 дверей,КУПЕ,ЛИФТБЭК 5 дверей,СЕДАН,УНИВЕРСАЛ,ВНЕДОРОЖНИК 3 дверный,ВНЕДОРОЖНИК 5 дверный,Кришка багажника,Деталь кришки багажника,Петля крішки багажника лів.,,,,замінити,зняти/встановити,ремонт,фарбування
"Рис.1 дв, ,  Рис.2дв.",ХЕТЧБЕК 3 двери,ХЕТЧБЕК 5 дверей,КУПЕ,ЛИФТБЭК 5 дверей,СЕДАН,УНИВЕРСАЛ,ВНЕДОРОЖНИК 3 дверный,ВНЕДОРОЖНИК 5 дверный,Кришка багажника,Деталь кришки багажника,Петля крішки багажника пр.,,,,замінити,зняти/встановити,ремонт,фарбування
"Рис.1 дв, ,  Рис.2дв.",ХЕТЧБЕК 3 двери,ХЕТЧБЕК 5 дверей,КУПЕ,ЛИФТБЭК 5 дверей,СЕДАН,УНИВЕРСАЛ,ВНЕДОРОЖНИК 3 дверный,ВНЕДОРОЖНИК 5 дверный,Кришка багажника,Деталь кришки багажника,Трос замка багажника,,,,замінити,зняти/встановити,ремонт,
"Рис.1 дв, ,  Рис.2дв.",ХЕТЧБЕК 3 двери,ХЕТЧБЕК 5 дверей,КУПЕ,ЛИФТБЭК 5 дверей,СЕДАН,УНИВЕРСАЛ,ВНЕДОРОЖНИК 3 дверный,ВНЕДОРОЖНИК 5 дверный,Кришка багажника,Деталь кришки багажника,Фонарь лів. кришки багажника,,,,замінити,зняти/встановити,ремонт,
"Рис.1 дв, ,  Рис.2дв.",ХЕТЧБЕК 3 двери,ХЕТЧБЕК 5 дверей,КУПЕ,ЛИФТБЭК 5 дверей,СЕДАН,УНИВЕРСАЛ,ВНЕДОРОЖНИК 3 дверный,ВНЕДОРОЖНИК 5 дверный,Кришка багажника,Деталь кришки багажника,Фонарь пр. кришки багажника,,,,замінити,зняти/встановити,ремонт,
"Рис.1 дв, ,  Рис.2дв.",ХЕТЧБЕК 3 двери,ХЕТЧБЕК 5 дверей,КУПЕ,ЛИФТБЭК 5 дверей,СЕДАН,УНИВЕРСАЛ,ВНЕДОРОЖНИК 3 дверный,ВНЕДОРОЖНИК 5 дверный,Скло заднє,Заднє скло,,,,,замінити,зняти/встановити,,
"Рис.1 дв, ,  Рис.2дв.",ХЕТЧБЕК 3 двери,ХЕТЧБЕК 5 дверей,КУПЕ,ЛИФТБЭК 5 дверей,СЕДАН,УНИВЕРСАЛ,ВНЕДОРОЖНИК 3 дверный,ВНЕДОРОЖНИК 5 дверный,Скло заднє,Деталі заднього скла,(Додати),,розібрати/зібрати,,замінити,зняти/встановити,ремонт,фарбування
"Рис.1 дв, ,  Рис.2дв.",ХЕТЧБЕК 3 двери,ХЕТЧБЕК 5 дверей,КУПЕ,ЛИФТБЭК 5 дверей,СЕДАН,УНИВЕРСАЛ,ВНЕДОРОЖНИК 3 дверный,ВНЕДОРОЖНИК 5 дверный,Скло заднє,Деталі проєму зад.скла,(Додати),,,,замінити,зняти/встановити,ремонт,фарбування
"Рис.1 дв, ,  Рис.2дв.",ХЕТЧБЕК 3 двери,ХЕТЧБЕК 5 дверей,КУПЕ,ЛИФТБЭК 5 дверей,СЕДАН,УНИВЕРСАЛ,ВНЕДОРОЖНИК 3 дверный,ВНЕДОРОЖНИК 5 дверный,Скло заднє,Деталі проєму зад.скла,Проєм зад.скла,,розібрати/зібрати,усунення перекосу,замінити,,ремонт,фарбування
"Рис.1 дв, ,  Рис.2дв.",ХЕТЧБЕК 3 двери,ХЕТЧБЕК 5 дверей,КУПЕ,ЛИФТБЭК 5 дверей,СЕДАН,УНИВЕРСАЛ,ВНЕДОРОЖНИК 3 дверный,ВНЕДОРОЖНИК 5 дверный,Скло лобове,Дзеркало заднього виду,,,,,замінити,зняти/встановити,ремонт,
"Рис.1 дв, ,  Рис.2дв.",ХЕТЧБЕК 3 двери,ХЕТЧБЕК 5 дверей,КУПЕ,ЛИФТБЭК 5 дверей,СЕДАН,УНИВЕРСАЛ,ВНЕДОРОЖНИК 3 дверный,ВНЕДОРОЖНИК 5 дверный,Скло лобове,Лобове скло,,,,,замінити,зняти/встановити,,
"Рис.1 дв, ,  Рис.2дв.",ХЕТЧБЕК 3 двери,ХЕТЧБЕК 5 дверей,КУПЕ,ЛИФТБЭК 5 дверей,СЕДАН,УНИВЕРСАЛ,ВНЕДОРОЖНИК 3 дверный,ВНЕДОРОЖНИК 5 дверный,Скло лобове,Деталі лобового скла,,,розібрати/зібрати,,замінити,зняти/встановити,ремонт,фарбування
"Рис.1 дв, ,  Рис.2дв.",ХЕТЧБЕК 3 двери,ХЕТЧБЕК 5 дверей,КУПЕ,ЛИФТБЭК 5 дверей,СЕДАН,УНИВЕРСАЛ,ВНЕДОРОЖНИК 3 дверный,ВНЕДОРОЖНИК 5 дверный,Скло лобове,Деталі проєму лоб.скла,(Додати),,,,замінити,зняти/встановити,ремонт,
"Рис.1 дв, ,  Рис.2дв.",ХЕТЧБЕК 3 двери,ХЕТЧБЕК 5 дверей,КУПЕ,ЛИФТБЭК 5 дверей,СЕДАН,УНИВЕРСАЛ,ВНЕДОРОЖНИК 3 дверный,ВНЕДОРОЖНИК 5 дверный,Скло лобове,Деталі проєму лоб.скла,Низ проєму лоб.скла,,,,замінити,зняти/встановити,ремонт,фарбування
"Рис.1 дв, ,  Рис.2дв.",ХЕТЧБЕК 3 двери,ХЕТЧБЕК 5 дверей,КУПЕ,ЛИФТБЭК 5 дверей,СЕДАН,УНИВЕРСАЛ,ВНЕДОРОЖНИК 3 дверный,ВНЕДОРОЖНИК 5 дверный,Скло лобове,Деталі проєму лоб.скла,Проєм лоб.скла,,розібрати/зібрати,усунення перекосу,замінити,,ремонт,фарбування
"Рис.1 дв, ,  Рис.2дв.",ХЕТЧБЕК 3 двери,ХЕТЧБЕК 5 дверей,КУПЕ,ЛИФТБЭК 5 дверей,СЕДАН,УНИВЕРСАЛ,ВНЕДОРОЖНИК 3 дверный,ВНЕДОРОЖНИК 5 дверный,Скло лобове,Деталі проєму лоб.скла,Стійка проєму лоб.скла.лів.,,,,замінити,зняти/встановити,ремонт,фарбування
"Рис.1 дв, ,  Рис.2дв.",ХЕТЧБЕК 3 двери,ХЕТЧБЕК 5 дверей,КУПЕ,ЛИФТБЭК 5 дверей,СЕДАН,УНИВЕРСАЛ,ВНЕДОРОЖНИК 3 дверный,ВНЕДОРОЖНИК 5 дверный,Скло лобове,Деталі проєму лоб.скла,Стійка проєму лоб.скла.пр.,,,,замінити,зняти/встановити,ремонт,фарбування
"Рис.1 дв, ,  Рис.2дв.",ХЕТЧБЕК 3 двери,ХЕТЧБЕК 5 дверей,КУПЕ,ЛИФТБЭК 5 дверей,СЕДАН,УНИВЕРСАЛ,ВНЕДОРОЖНИК 3 дверный,ВНЕДОРОЖНИК 5 дверный,Фара ліва,Вказівник повороту пер. лів.,,,,,замінити,зняти/встановити,ремонт,
"Рис.1 дв, ,  Рис.2дв.",ХЕТЧБЕК 3 двери,ХЕТЧБЕК 5 дверей,КУПЕ,ЛИФТБЭК 5 дверей,СЕДАН,УНИВЕРСАЛ,ВНЕДОРОЖНИК 3 дверный,ВНЕДОРОЖНИК 5 дверный,Фара ліва,Фара ліва,,,,,замінити,зняти/встановити,ремонт,
"Рис.1 дв, ,  Рис.2дв.",ХЕТЧБЕК 3 двери,ХЕТЧБЕК 5 дверей,КУПЕ,ЛИФТБЭК 5 дверей,СЕДАН,УНИВЕРСАЛ,ВНЕДОРОЖНИК 3 дверный,ВНЕДОРОЖНИК 5 дверный,Фара ліва,Деталі фари лів.,(Додати),,,,замінити,зняти/встановити,ремонт,
"Рис.1 дв, ,  Рис.2дв.",ХЕТЧБЕК 3 двери,ХЕТЧБЕК 5 дверей,КУПЕ,ЛИФТБЭК 5 дверей,СЕДАН,УНИВЕРСАЛ,ВНЕДОРОЖНИК 3 дверный,ВНЕДОРОЖНИК 5 дверный,Фара права,Вказівник повороту пер. пр.,,,,,замінити,зняти/встановити,ремонт,
"Рис.1 дв, ,  Рис.2дв.",ХЕТЧБЕК 3 двери,ХЕТЧБЕК 5 дверей,КУПЕ,ЛИФТБЭК 5 дверей,СЕДАН,УНИВЕРСАЛ,ВНЕДОРОЖНИК 3 дверный,ВНЕДОРОЖНИК 5 дверный,Фара права,Фара права,,,,,замінити,зняти/встановити,ремонт,
"Рис.1 дв, ,  Рис.2дв.",ХЕТЧБЕК 3 двери,ХЕТЧБЕК 5 дверей,КУПЕ,ЛИФТБЭК 5 дверей,СЕДАН,УНИВЕРСАЛ,ВНЕДОРОЖНИК 3 дверный,ВНЕДОРОЖНИК 5 дверный,Фара права,Деталі фари пр.,(Додати),,,,замінити,зняти/встановити,ремонт,
"Рис.1 дв, ,  Рис.2дв.",ХЕТЧБЕК 3 двери,ХЕТЧБЕК 5 дверей,КУПЕ,ЛИФТБЭК 5 дверей,СЕДАН,УНИВЕРСАЛ,ВНЕДОРОЖНИК 3 дверный,ВНЕДОРОЖНИК 5 дверный,Фонарь задній лівий,Вказівник повороту зад. лів.,,,,,замінити,зняти/встановити,ремонт,
"Рис.1 дв, ,  Рис.2дв.",ХЕТЧБЕК 3 двери,ХЕТЧБЕК 5 дверей,КУПЕ,ЛИФТБЭК 5 дверей,СЕДАН,УНИВЕРСАЛ,ВНЕДОРОЖНИК 3 дверный,ВНЕДОРОЖНИК 5 дверный,Фонарь задній лівий,Фонарь задній лівий,,,,,замінити,зняти/встановити,ремонт,
"Рис.1 дв, ,  Рис.2дв.",ХЕТЧБЕК 3 двери,ХЕТЧБЕК 5 дверей,КУПЕ,ЛИФТБЭК 5 дверей,СЕДАН,УНИВЕРСАЛ,ВНЕДОРОЖНИК 3 дверный,ВНЕДОРОЖНИК 5 дверный,Фонарь задній лівий,Деталі фонаря зад.лів.,(Додати),,,,замінити,зняти/встановити,ремонт,фарбування
"Рис.1 дв, ,  Рис.2дв.",ХЕТЧБЕК 3 двери,ХЕТЧБЕК 5 дверей,КУПЕ,ЛИФТБЭК 5 дверей,СЕДАН,УНИВЕРСАЛ,ВНЕДОРОЖНИК 3 дверный,ВНЕДОРОЖНИК 5 дверный,Фонарь задній правий,Вказівник повороту зад. пр.,,,,,замінити,зняти/встановити,ремонт,
"Рис.1 дв, ,  Рис.2дв.",ХЕТЧБЕК 3 двери,ХЕТЧБЕК 5 дверей,КУПЕ,ЛИФТБЭК 5 дверей,СЕДАН,УНИВЕРСАЛ,ВНЕДОРОЖНИК 3 дверный,ВНЕДОРОЖНИК 5 дверный,Фонарь задній правий,Фонарь задній правий,,,,,замінити,зняти/встановити,ремонт,
"Рис.1 дв, ,  Рис.2дв.",ХЕТЧБЕК 3 двери,ХЕТЧБЕК 5 дверей,КУПЕ,ЛИФТБЭК 5 дверей,СЕДАН,УНИВЕРСАЛ,ВНЕДОРОЖНИК 3 дверный,ВНЕДОРОЖНИК 5 дверный,Фонарь задній правий,Деталі фонаря зад.пр.,(Додати),,,,замінити,зняти/встановити,ремонт,
,,,,,,,,,Крило заднє праве,Крило заднє праве,,программа,,,,,,
,,,,,,,,,Крило заднє праве,Деталь декор. крила зад.пр.,(Додати),,,,замінити,зняти/встановити,ремонт,фарбування
,,,,,,,,,Крило заднє праве,Деталь декор. крила зад.пр.,Молдніг крила зад.пр.,,,,замінити,зняти/встановити,ремонт,фарбування
,,,,,,,,,Крило заднє праве,Деталь декор. крила зад.пр.,Накладка арки крила зад.пр.,,,,замінити,зняти/встановити,ремонт,фарбування
,,,,,,,,,Крило заднє праве,Деталь декор. крила зад.пр.,Накладка крила зад.пр.,,,,замінити,зняти/встановити,ремонт,фарбування
,,,,,,,,,Крило заднє праве,Деталь крила зад.пр.,Горловина заправочна пр.,,розібрати/зібрати,,замінити,зняти/встановити,ремонт,фарбування
,,,,,,,,,Крило заднє праве,Деталь крила зад.пр.,Палив.люк крила зад.пр.,,,,замінити,зняти/встановити,ремонт,фарбування
,,,,,,,,,Крило заднє праве,Деталь крила зад.пр.,Підкрилок зад.пр.,,,,замінити,зняти/встановити,ремонт,
,,,,,,,,,Крило заднє праве,Деталь крила зад.пр.,Проєм крила зад.пр.,,розібрати/зібрати,усунення перекосу,замінити,зняти/встановити,ремонт,фарбування
,,,,,,,,,Крило заднє праве,Деталь крила зад.пр.,Арка крила зад.пр.,,розібрати/зібрати,,замінити,зняти/встановити,ремонт,фарбування
,,,,,,,,,Крило заднє праве,Деталь крила зад.пр.,Кронштейн пер. крила зад.пр.,,,,замінити,зняти/встановити,ремонт,фарбування
,,,,,,,,,Крило заднє праве,Деталь крила зад.пр.,(Додати),,,,замінити,зняти/встановити,ремонт,фарбування
