Список Класс,Список Тип,Список деталь укр,Список деталь рус,Список деталь eng
A,ХЕТЧБЕК 3 двери,Бампер задній,,
A,ХЕТЧБЕК 5 дверей,Бампер задній,,
B,СЕДАН,Бампер задній,,
B,УНИВЕРСАЛ,Бампер задній,,
B,ХЕТЧБЕК 3 двери,Бампер задній,,
B,ХЕТЧБЕК 5 дверей,Бампер задній,,
C,КУПЕ,Бампер задній,,
C,ЛИФТБЭК 5 дверей,Бампер задній,,
C,СЕДАН,Бампер задній,,
C,УНИВЕРСАЛ,Бампер задній,,
C,ХЕТЧБЕК 3 двери,Бампер задній,,
C,ХЕТЧБЕК 5 дверей,Бампер задній,,
D,КУПЕ,Бампер задній,,
D,ЛИФТБЭК 5 дверей,Бампер задній,,
D,СЕДАН,Бампер задній,,
D,УНИВЕРСАЛ,Бампер задній,,
D,ХЕТЧБЕК 3 двери,Бампер задній,,
D,ХЕТЧБЕК 5 дверей,Бампер задній,,
E,ЛИФТБЭК 5 дверей,Бампер задній,,
E,СЕДАН,Бампер задній,,
E,УНИВЕРСАЛ,Бампер задній,,
F,СЕДАН,Бампер задній,,
F,УНИВЕРСАЛ,Бампер задній,,
SUV 1,ВНЕДОРОЖНИК 3 дверный,Бампер задній,,
SUV 1,ВНЕДОРОЖНИК 5 дверный,Бампер задній,,
SUV 2,ВНЕДОРОЖНИК 3 дверный,Бампер задній,,
SUV 2,ВНЕДОРОЖНИК 5 дверный,Бампер задній,,
SUV 3,ВНЕДОРОЖНИК 5 дверный,Бампер задній,,
A,ХЕТЧБЕК 3 двери,Бампер передній,,
A,ХЕТЧБЕК 5 дверей,Бампер передній,,
B,СЕДАН,Бампер передній,,
B,УНИВЕРСАЛ,Бампер передній,,
B,ХЕТЧБЕК 3 двери,Бампер передній,,
B,ХЕТЧБЕК 5 дверей,Бампер передній,,
C,КУПЕ,Бампер передній,,
C,ЛИФТБЭК 5 дверей,Бампер передній,,
C,СЕДАН,Бампер передній,,
C,УНИВЕРСАЛ,Бампер передній,,
C,ХЕТЧБЕК 3 двери,Бампер передній,,
C,ХЕТЧБЕК 5 дверей,Бампер передній,,
D,КУПЕ,Бампер передній,,
D,ЛИФТБЭК 5 дверей,Бампер передній,,
D,СЕДАН,Бампер передній,,
D,УНИВЕРСАЛ,Бампер передній,,
D,ХЕТЧБЕК 3 двери,Бампер передній,,
D,ХЕТЧБЕК 5 дверей,Бампер передній,,
E,ЛИФТБЭК 5 дверей,Бампер передній,,
E,СЕДАН,Бампер передній,,
E,УНИВЕРСАЛ,Бампер передній,,
F,СЕДАН,Бампер передній,,
F,УНИВЕРСАЛ,Бампер передній,,
SUV 1,ВНЕДОРОЖНИК 3 дверный,Бампер передній,,
SUV 1,ВНЕДОРОЖНИК 5 дверный,Бампер передній,,
SUV 2,ВНЕДОРОЖНИК 3 дверный,Бампер передній,,
SUV 2,ВНЕДОРОЖНИК 5 дверный,Бампер передній,,
SUV 3,ВНЕДОРОЖНИК 5 дверный,Бампер передній,,
A,ХЕТЧБЕК 3 двери,Дах,,
A,ХЕТЧБЕК 5 дверей,Дах,,
B,СЕДАН,Дах,,
B,УНИВЕРСАЛ,Дах,,
B,ХЕТЧБЕК 3 двери,Дах,,
B,ХЕТЧБЕК 5 дверей,Дах,,
C,КУПЕ,Дах,,
C,ЛИФТБЭК 5 дверей,Дах,,
C,СЕДАН,Дах,,
C,УНИВЕРСАЛ,Дах,,
C,ХЕТЧБЕК 3 двери,Дах,,
C,ХЕТЧБЕК 5 дверей,Дах,,
D,КУПЕ,Дах,,
D,ЛИФТБЭК 5 дверей,Дах,,
D,СЕДАН,Дах,,
D,УНИВЕРСАЛ,Дах,,
D,ХЕТЧБЕК 3 двери,Дах,,
D,ХЕТЧБЕК 5 дверей,Дах,,
E,ЛИФТБЭК 5 дверей,Дах,,
E,СЕДАН,Дах,,
E,УНИВЕРСАЛ,Дах,,
F,СЕДАН,Дах,,
F,УНИВЕРСАЛ,Дах,,
SUV 1,ВНЕДОРОЖНИК 3 дверный,Дах,,
SUV 1,ВНЕДОРОЖНИК 5 дверный,Дах,,
SUV 2,ВНЕДОРОЖНИК 3 дверный,Дах,,
SUV 2,ВНЕДОРОЖНИК 5 дверный,Дах,,
SUV 3,ВНЕДОРОЖНИК 5 дверный,Дах,,
A,ХЕТЧБЕК 3 двери,Двері  багажника,,
A,ХЕТЧБЕК 5 дверей,Двері  багажника,,
B,СЕДАН,Двері  багажника,,
B,УНИВЕРСАЛ,Двері  багажника,,
B,ХЕТЧБЕК 3 двери,Двері  багажника,,
B,ХЕТЧБЕК 5 дверей,Двері  багажника,,
C,КУПЕ,Двері  багажника,,
C,ЛИФТБЭК 5 дверей,Двері  багажника,,
C,СЕДАН,Двері  багажника,,
C,УНИВЕРСАЛ,Двері  багажника,,
C,ХЕТЧБЕК 3 двери,Двері  багажника,,
C,ХЕТЧБЕК 5 дверей,Двері  багажника,,
D,КУПЕ,Двері  багажника,,
D,ЛИФТБЭК 5 дверей,Двері  багажника,,
D,СЕДАН,Двері  багажника,,
D,УНИВЕРСАЛ,Двері  багажника,,
D,ХЕТЧБЕК 3 двери,Двері  багажника,,
D,ХЕТЧБЕК 5 дверей,Двері  багажника,,
E,ЛИФТБЭК 5 дверей,Двері  багажника,,
E,СЕДАН,Двері  багажника,,
E,УНИВЕРСАЛ,Двері  багажника,,
F,СЕДАН,Двері  багажника,,
F,УНИВЕРСАЛ,Двері  багажника,,
SUV 1,ВНЕДОРОЖНИК 3 дверный,Двері  багажника,,
SUV 1,ВНЕДОРОЖНИК 5 дверный,Двері  багажника,,
SUV 2,ВНЕДОРОЖНИК 3 дверный,Двері  багажника,,
SUV 2,ВНЕДОРОЖНИК 5 дверный,Двері  багажника,,
SUV 3,ВНЕДОРОЖНИК 5 дверный,Двері  багажника,,
A,ХЕТЧБЕК 3 двери,Двері  задні ліві,,
A,ХЕТЧБЕК 5 дверей,Двері  задні ліві,,
B,СЕДАН,Двері  задні ліві,,
B,УНИВЕРСАЛ,Двері  задні ліві,,
B,ХЕТЧБЕК 3 двери,Двері  задні ліві,,
B,ХЕТЧБЕК 5 дверей,Двері  задні ліві,,
C,КУПЕ,Двері  задні ліві,,
C,ЛИФТБЭК 5 дверей,Двері  задні ліві,,
C,СЕДАН,Двері  задні ліві,,
C,УНИВЕРСАЛ,Двері  задні ліві,,
C,ХЕТЧБЕК 3 двери,Двері  задні ліві,,
C,ХЕТЧБЕК 5 дверей,Двері  задні ліві,,
D,КУПЕ,Двері  задні ліві,,
D,ЛИФТБЭК 5 дверей,Двері  задні ліві,,
D,СЕДАН,Двері  задні ліві,,
D,УНИВЕРСАЛ,Двері  задні ліві,,
D,ХЕТЧБЕК 3 двери,Двері  задні ліві,,
D,ХЕТЧБЕК 5 дверей,Двері  задні ліві,,
E,ЛИФТБЭК 5 дверей,Двері  задні ліві,,
E,СЕДАН,Двері  задні ліві,,
E,УНИВЕРСАЛ,Двері  задні ліві,,
F,СЕДАН,Двері  задні ліві,,
F,УНИВЕРСАЛ,Двері  задні ліві,,
SUV 1,ВНЕДОРОЖНИК 3 дверный,Двері  задні ліві,,
SUV 1,ВНЕДОРОЖНИК 5 дверный,Двері  задні ліві,,
SUV 2,ВНЕДОРОЖНИК 3 дверный,Двері  задні ліві,,
SUV 2,ВНЕДОРОЖНИК 5 дверный,Двері  задні ліві,,
SUV 3,ВНЕДОРОЖНИК 5 дверный,Двері  задні ліві,,
A,ХЕТЧБЕК 3 двери,Двері  задні праві,,
A,ХЕТЧБЕК 5 дверей,Двері  задні праві,,
B,СЕДАН,Двері  задні праві,,
B,УНИВЕРСАЛ,Двері  задні праві,,
B,ХЕТЧБЕК 3 двери,Двері  задні праві,,
B,ХЕТЧБЕК 5 дверей,Двері  задні праві,,
C,КУПЕ,Двері  задні праві,,
C,ЛИФТБЭК 5 дверей,Двері  задні праві,,
C,СЕДАН,Двері  задні праві,,
C,УНИВЕРСАЛ,Двері  задні праві,,
C,ХЕТЧБЕК 3 двери,Двері  задні праві,,
C,ХЕТЧБЕК 5 дверей,Двері  задні праві,,
D,КУПЕ,Двері  задні праві,,
D,ЛИФТБЭК 5 дверей,Двері  задні праві,,
D,СЕДАН,Двері  задні праві,,
D,УНИВЕРСАЛ,Двері  задні праві,,
D,ХЕТЧБЕК 3 двери,Двері  задні праві,,
D,ХЕТЧБЕК 5 дверей,Двері  задні праві,,
E,ЛИФТБЭК 5 дверей,Двері  задні праві,,
E,СЕДАН,Двері  задні праві,,
E,УНИВЕРСАЛ,Двері  задні праві,,
F,СЕДАН,Двері  задні праві,,
F,УНИВЕРСАЛ,Двері  задні праві,,
SUV 1,ВНЕДОРОЖНИК 3 дверный,Двері  задні праві,,
SUV 1,ВНЕДОРОЖНИК 5 дверный,Двері  задні праві,,
SUV 2,ВНЕДОРОЖНИК 3 дверный,Двері  задні праві,,
SUV 2,ВНЕДОРОЖНИК 5 дверный,Двері  задні праві,,
SUV 3,ВНЕДОРОЖНИК 5 дверный,Двері  задні праві,,
A,ХЕТЧБЕК 3 двери,Двері передні ліві,,
A,ХЕТЧБЕК 5 дверей,Двері передні ліві,,
B,СЕДАН,Двері передні ліві,,
B,УНИВЕРСАЛ,Двері передні ліві,,
B,ХЕТЧБЕК 3 двери,Двері передні ліві,,
B,ХЕТЧБЕК 5 дверей,Двері передні ліві,,
C,КУПЕ,Двері передні ліві,,
C,ЛИФТБЭК 5 дверей,Двері передні ліві,,
C,СЕДАН,Двері передні ліві,,
C,УНИВЕРСАЛ,Двері передні ліві,,
C,ХЕТЧБЕК 3 двери,Двері передні ліві,,
C,ХЕТЧБЕК 5 дверей,Двері передні ліві,,
D,КУПЕ,Двері передні ліві,,
D,ЛИФТБЭК 5 дверей,Двері передні ліві,,
D,СЕДАН,Двері передні ліві,,
D,УНИВЕРСАЛ,Двері передні ліві,,
D,ХЕТЧБЕК 3 двери,Двері передні ліві,,
D,ХЕТЧБЕК 5 дверей,Двері передні ліві,,
E,ЛИФТБЭК 5 дверей,Двері передні ліві,,
E,СЕДАН,Двері передні ліві,,
E,УНИВЕРСАЛ,Двері передні ліві,,
F,СЕДАН,Двері передні ліві,,
F,УНИВЕРСАЛ,Двері передні ліві,,
SUV 1,ВНЕДОРОЖНИК 3 дверный,Двері передні ліві,,
SUV 1,ВНЕДОРОЖНИК 5 дверный,Двері передні ліві,,
SUV 2,ВНЕДОРОЖНИК 3 дверный,Двері передні ліві,,
SUV 2,ВНЕДОРОЖНИК 5 дверный,Двері передні ліві,,
SUV 3,ВНЕДОРОЖНИК 5 дверный,Двері передні ліві,,
A,ХЕТЧБЕК 3 двери,Двері передні праві,,
A,ХЕТЧБЕК 5 дверей,Двері передні праві,,
B,СЕДАН,Двері передні праві,,
B,УНИВЕРСАЛ,Двері передні праві,,
B,ХЕТЧБЕК 3 двери,Двері передні праві,,
B,ХЕТЧБЕК 5 дверей,Двері передні праві,,
C,КУПЕ,Двері передні праві,,
C,ЛИФТБЭК 5 дверей,Двері передні праві,,
C,СЕДАН,Двері передні праві,,
C,УНИВЕРСАЛ,Двері передні праві,,
C,ХЕТЧБЕК 3 двери,Двері передні праві,,
C,ХЕТЧБЕК 5 дверей,Двері передні праві,,
D,КУПЕ,Двері передні праві,,
D,ЛИФТБЭК 5 дверей,Двері передні праві,,
D,СЕДАН,Двері передні праві,,
D,УНИВЕРСАЛ,Двері передні праві,,
D,ХЕТЧБЕК 3 двери,Двері передні праві,,
D,ХЕТЧБЕК 5 дверей,Двері передні праві,,
E,ЛИФТБЭК 5 дверей,Двері передні праві,,
E,СЕДАН,Двері передні праві,,
E,УНИВЕРСАЛ,Двері передні праві,,
F,СЕДАН,Двері передні праві,,
F,УНИВЕРСАЛ,Двері передні праві,,
SUV 1,ВНЕДОРОЖНИК 3 дверный,Двері передні праві,,
SUV 1,ВНЕДОРОЖНИК 5 дверный,Двері передні праві,,
SUV 2,ВНЕДОРОЖНИК 3 дверный,Двері передні праві,,
SUV 2,ВНЕДОРОЖНИК 5 дверный,Двері передні праві,,
SUV 3,ВНЕДОРОЖНИК 5 дверный,Двері передні праві,,
A,ХЕТЧБЕК 3 двери,Капот,,
A,ХЕТЧБЕК 5 дверей,Капот,,
B,СЕДАН,Капот,,
B,УНИВЕРСАЛ,Капот,,
B,ХЕТЧБЕК 3 двери,Капот,,
B,ХЕТЧБЕК 5 дверей,Капот,,
C,КУПЕ,Капот,,
C,ЛИФТБЭК 5 дверей,Капот,,
C,СЕДАН,Капот,,
C,УНИВЕРСАЛ,Капот,,
C,ХЕТЧБЕК 3 двери,Капот,,
C,ХЕТЧБЕК 5 дверей,Капот,,
D,КУПЕ,Капот,,
D,ЛИФТБЭК 5 дверей,Капот,,
D,СЕДАН,Капот,,
D,УНИВЕРСАЛ,Капот,,
D,ХЕТЧБЕК 3 двери,Капот,,
D,ХЕТЧБЕК 5 дверей,Капот,,
E,ЛИФТБЭК 5 дверей,Капот,,
E,СЕДАН,Капот,,
E,УНИВЕРСАЛ,Капот,,
F,СЕДАН,Капот,,
F,УНИВЕРСАЛ,Капот,,
SUV 1,ВНЕДОРОЖНИК 3 дверный,Капот,,
SUV 1,ВНЕДОРОЖНИК 5 дверный,Капот,,
SUV 2,ВНЕДОРОЖНИК 3 дверный,Капот,,
SUV 2,ВНЕДОРОЖНИК 5 дверный,Капот,,
SUV 3,ВНЕДОРОЖНИК 5 дверный,Капот,,
A,ХЕТЧБЕК 3 двери,Крило заднє ліве,,
A,ХЕТЧБЕК 5 дверей,Крило заднє ліве,,
B,СЕДАН,Крило заднє ліве,,
B,УНИВЕРСАЛ,Крило заднє ліве,,
B,ХЕТЧБЕК 3 двери,Крило заднє ліве,,
B,ХЕТЧБЕК 5 дверей,Крило заднє ліве,,
C,КУПЕ,Крило заднє ліве,,
C,ЛИФТБЭК 5 дверей,Крило заднє ліве,,
C,СЕДАН,Крило заднє ліве,,
C,УНИВЕРСАЛ,Крило заднє ліве,,
C,ХЕТЧБЕК 3 двери,Крило заднє ліве,,
C,ХЕТЧБЕК 5 дверей,Крило заднє ліве,,
D,КУПЕ,Крило заднє ліве,,
D,ЛИФТБЭК 5 дверей,Крило заднє ліве,,
D,СЕДАН,Крило заднє ліве,,
D,УНИВЕРСАЛ,Крило заднє ліве,,
D,ХЕТЧБЕК 3 двери,Крило заднє ліве,,
D,ХЕТЧБЕК 5 дверей,Крило заднє ліве,,
E,ЛИФТБЭК 5 дверей,Крило заднє ліве,,
E,СЕДАН,Крило заднє ліве,,
E,УНИВЕРСАЛ,Крило заднє ліве,,
F,СЕДАН,Крило заднє ліве,,
F,УНИВЕРСАЛ,Крило заднє ліве,,
SUV 1,ВНЕДОРОЖНИК 3 дверный,Крило заднє ліве,,
SUV 1,ВНЕДОРОЖНИК 5 дверный,Крило заднє ліве,,
SUV 2,ВНЕДОРОЖНИК 3 дверный,Крило заднє ліве,,
SUV 2,ВНЕДОРОЖНИК 5 дверный,Крило заднє ліве,,
SUV 3,ВНЕДОРОЖНИК 5 дверный,Крило заднє ліве,,
A,ХЕТЧБЕК 3 двери,Крило заднє праве,,
A,ХЕТЧБЕК 5 дверей,Крило заднє праве,,
B,СЕДАН,Крило заднє праве,,
B,УНИВЕРСАЛ,Крило заднє праве,,
B,ХЕТЧБЕК 3 двери,Крило заднє праве,,
B,ХЕТЧБЕК 5 дверей,Крило заднє праве,,
C,КУПЕ,Крило заднє праве,,
C,ЛИФТБЭК 5 дверей,Крило заднє праве,,
C,СЕДАН,Крило заднє праве,,
C,УНИВЕРСАЛ,Крило заднє праве,,
C,ХЕТЧБЕК 3 двери,Крило заднє праве,,
C,ХЕТЧБЕК 5 дверей,Крило заднє праве,,
D,КУПЕ,Крило заднє праве,,
D,ЛИФТБЭК 5 дверей,Крило заднє праве,,
D,СЕДАН,Крило заднє праве,,
D,УНИВЕРСАЛ,Крило заднє праве,,
D,ХЕТЧБЕК 3 двери,Крило заднє праве,,
D,ХЕТЧБЕК 5 дверей,Крило заднє праве,,
E,ЛИФТБЭК 5 дверей,Крило заднє праве,,
E,СЕДАН,Крило заднє праве,,
E,УНИВЕРСАЛ,Крило заднє праве,,
F,СЕДАН,Крило заднє праве,,
F,УНИВЕРСАЛ,Крило заднє праве,,
SUV 1,ВНЕДОРОЖНИК 3 дверный,Крило заднє праве,,
SUV 1,ВНЕДОРОЖНИК 5 дверный,Крило заднє праве,,
SUV 2,ВНЕДОРОЖНИК 3 дверный,Крило заднє праве,,
SUV 2,ВНЕДОРОЖНИК 5 дверный,Крило заднє праве,,
SUV 3,ВНЕДОРОЖНИК 5 дверный,Крило заднє праве,,
A,ХЕТЧБЕК 3 двери,Крило переднє ліве,,
A,ХЕТЧБЕК 5 дверей,Крило переднє ліве,,
B,СЕДАН,Крило переднє ліве,,
B,УНИВЕРСАЛ,Крило переднє ліве,,
B,ХЕТЧБЕК 3 двери,Крило переднє ліве,,
B,ХЕТЧБЕК 5 дверей,Крило переднє ліве,,
C,КУПЕ,Крило переднє ліве,,
C,ЛИФТБЭК 5 дверей,Крило переднє ліве,,
C,СЕДАН,Крило переднє ліве,,
C,УНИВЕРСАЛ,Крило переднє ліве,,
C,ХЕТЧБЕК 3 двери,Крило переднє ліве,,
C,ХЕТЧБЕК 5 дверей,Крило переднє ліве,,
D,КУПЕ,Крило переднє ліве,,
D,ЛИФТБЭК 5 дверей,Крило переднє ліве,,
D,СЕДАН,Крило переднє ліве,,
D,УНИВЕРСАЛ,Крило переднє ліве,,
D,ХЕТЧБЕК 3 двери,Крило переднє ліве,,
D,ХЕТЧБЕК 5 дверей,Крило переднє ліве,,
E,ЛИФТБЭК 5 дверей,Крило переднє ліве,,
E,СЕДАН,Крило переднє ліве,,
E,УНИВЕРСАЛ,Крило переднє ліве,,
F,СЕДАН,Крило переднє ліве,,
F,УНИВЕРСАЛ,Крило переднє ліве,,
SUV 1,ВНЕДОРОЖНИК 3 дверный,Крило переднє ліве,,
SUV 1,ВНЕДОРОЖНИК 5 дверный,Крило переднє ліве,,
SUV 2,ВНЕДОРОЖНИК 3 дверный,Крило переднє ліве,,
SUV 2,ВНЕДОРОЖНИК 5 дверный,Крило переднє ліве,,
SUV 3,ВНЕДОРОЖНИК 5 дверный,Крило переднє ліве,,
A,ХЕТЧБЕК 3 двери,Крило переднє праве,,
A,ХЕТЧБЕК 5 дверей,Крило переднє праве,,
B,СЕДАН,Крило переднє праве,,
B,УНИВЕРСАЛ,Крило переднє праве,,
B,ХЕТЧБЕК 3 двери,Крило переднє праве,,
B,ХЕТЧБЕК 5 дверей,Крило переднє праве,,
C,КУПЕ,Крило переднє праве,,
C,ЛИФТБЭК 5 дверей,Крило переднє праве,,
C,СЕДАН,Крило переднє праве,,
C,УНИВЕРСАЛ,Крило переднє праве,,
C,ХЕТЧБЕК 3 двери,Крило переднє праве,,
C,ХЕТЧБЕК 5 дверей,Крило переднє праве,,
D,КУПЕ,Крило переднє праве,,
D,ЛИФТБЭК 5 дверей,Крило переднє праве,,
D,СЕДАН,Крило переднє праве,,
D,УНИВЕРСАЛ,Крило переднє праве,,
D,ХЕТЧБЕК 3 двери,Крило переднє праве,,
D,ХЕТЧБЕК 5 дверей,Крило переднє праве,,
E,ЛИФТБЭК 5 дверей,Крило переднє праве,,
E,СЕДАН,Крило переднє праве,,
E,УНИВЕРСАЛ,Крило переднє праве,,
F,СЕДАН,Крило переднє праве,,
F,УНИВЕРСАЛ,Крило переднє праве,,
SUV 1,ВНЕДОРОЖНИК 3 дверный,Крило переднє праве,,
SUV 1,ВНЕДОРОЖНИК 5 дверный,Крило переднє праве,,
SUV 2,ВНЕДОРОЖНИК 3 дверный,Крило переднє праве,,
SUV 2,ВНЕДОРОЖНИК 5 дверный,Крило переднє праве,,
SUV 3,ВНЕДОРОЖНИК 5 дверный,Крило переднє праве,,
A,ХЕТЧБЕК 3 двери,Крило переднє праве,,
A,ХЕТЧБЕК 5 дверей,Крило переднє праве,,
B,СЕДАН,Крило переднє праве,,
B,УНИВЕРСАЛ,Крило переднє праве,,
B,ХЕТЧБЕК 3 двери,Крило переднє праве,,
B,ХЕТЧБЕК 5 дверей,Крило переднє праве,,
C,КУПЕ,Крило переднє праве,,
C,ЛИФТБЭК 5 дверей,Крило переднє праве,,
C,СЕДАН,Крило переднє праве,,
C,УНИВЕРСАЛ,Крило переднє праве,,
C,ХЕТЧБЕК 3 двери,Крило переднє праве,,
C,ХЕТЧБЕК 5 дверей,Крило переднє праве,,
D,КУПЕ,Крило переднє праве,,
D,ЛИФТБЭК 5 дверей,Крило переднє праве,,
D,СЕДАН,Крило переднє праве,,
D,УНИВЕРСАЛ,Крило переднє праве,,
D,ХЕТЧБЕК 3 двери,Крило переднє праве,,
D,ХЕТЧБЕК 5 дверей,Крило переднє праве,,
E,ЛИФТБЭК 5 дверей,Крило переднє праве,,
E,СЕДАН,Крило переднє праве,,
E,УНИВЕРСАЛ,Крило переднє праве,,
F,СЕДАН,Крило переднє праве,,
F,УНИВЕРСАЛ,Крило переднє праве,,
SUV 1,ВНЕДОРОЖНИК 3 дверный,Крило переднє праве,,
SUV 1,ВНЕДОРОЖНИК 5 дверный,Крило переднє праве,,
SUV 2,ВНЕДОРОЖНИК 3 дверный,Крило переднє праве,,
SUV 2,ВНЕДОРОЖНИК 5 дверный,Крило переднє праве,,
SUV 3,ВНЕДОРОЖНИК 5 дверный,Крило переднє праве,,
A,ХЕТЧБЕК 3 двери,Кришка багажника,,
A,ХЕТЧБЕК 5 дверей,Кришка багажника,,
B,СЕДАН,Кришка багажника,,
B,УНИВЕРСАЛ,Кришка багажника,,
B,ХЕТЧБЕК 3 двери,Кришка багажника,,
B,ХЕТЧБЕК 5 дверей,Кришка багажника,,
C,КУПЕ,Кришка багажника,,
C,ЛИФТБЭК 5 дверей,Кришка багажника,,
C,СЕДАН,Кришка багажника,,
C,УНИВЕРСАЛ,Кришка багажника,,
C,ХЕТЧБЕК 3 двери,Кришка багажника,,
C,ХЕТЧБЕК 5 дверей,Кришка багажника,,
D,КУПЕ,Кришка багажника,,
D,ЛИФТБЭК 5 дверей,Кришка багажника,,
D,СЕДАН,Кришка багажника,,
D,УНИВЕРСАЛ,Кришка багажника,,
D,ХЕТЧБЕК 3 двери,Кришка багажника,,
D,ХЕТЧБЕК 5 дверей,Кришка багажника,,
E,ЛИФТБЭК 5 дверей,Кришка багажника,,
E,СЕДАН,Кришка багажника,,
E,УНИВЕРСАЛ,Кришка багажника,,
F,СЕДАН,Кришка багажника,,
F,УНИВЕРСАЛ,Кришка багажника,,
SUV 1,ВНЕДОРОЖНИК 3 дверный,Кришка багажника,,
SUV 1,ВНЕДОРОЖНИК 5 дверный,Кришка багажника,,
SUV 2,ВНЕДОРОЖНИК 3 дверный,Кришка багажника,,
SUV 2,ВНЕДОРОЖНИК 5 дверный,Кришка багажника,,
SUV 3,ВНЕДОРОЖНИК 5 дверный,Кришка багажника,,
