Список Класс,Список Тип,Список деталь рус,Список деталь укр,Список деталь eng
A,ХЕТЧБЕК 3 двери,Бампер задний,Задній бампер,Rear bumper
A,ХЕТЧБЕК 3 двери,Бампер передний,Передній бампер,Front bumper
A,ХЕТЧБЕК 3 двери,Дверь левая,Ліва двері,Left door
A,ХЕТЧБЕК 3 двери,Дверь правая,Права двері,Right door
A,ХЕТЧБЕК 3 двери,Капот,Капот,Hood
A,ХЕТЧБЕК 3 двери,Крыло заднее левое,Заднє ліве крило,Rear left fender
A,ХЕТЧБЕК 3 двери,Крыло заднее правое,Заднє праве крило,Rear right fender
A,ХЕТЧБЕК 3 двери,Крыло переднее левое,Переднє ліве крило,Front left fender
A,ХЕТЧБЕК 3 двери,Крыло переднее правое,Переднє праве крило,Front right fender
A,ХЕТЧБЕК 3 двери,Крыша,Дах,Roof
A,ХЕТЧБЕК 3 двери,Крышка багажника,Кришка багажника,Trunk lid
A,ХЕТЧБЕК 5 дверей,Бампер задний,Задній бампер,Rear bumper
A,ХЕТЧБЕК 5 дверей,Бампер передний,Передній бампер,Front bumper
A,ХЕТЧБЕК 5 дверей,Дверь передняя левая,Передні ліві двері,Front left door
A,ХЕТЧБЕК 5 дверей,Дверь передняя правая,Передні праві двері,Front right door
A,ХЕТЧБЕК 5 дверей,Дверь задняя левая,Задні ліві двері,Rear left door
A,ХЕТЧБЕК 5 дверей,Дверь задняя правая,Задні праві двері,Rear right door
A,ХЕТЧБЕК 5 дверей,Капот,Капот,Hood
A,ХЕТЧБЕК 5 дверей,Крыло заднее левое,Заднє ліве крило,Rear left fender
A,ХЕТЧБЕК 5 дверей,Крыло заднее правое,Заднє праве крило,Rear right fender
A,ХЕТЧБЕК 5 дверей,Крыло переднее левое,Переднє ліве крило,Front left fender
A,ХЕТЧБЕК 5 дверей,Крыло переднее правое,Переднє праве крило,Front right fender
A,ХЕТЧБЕК 5 дверей,Крыша,Дах,Roof
A,ХЕТЧБЕК 5 дверей,Крышка багажника,Кришка багажника,Trunk lid
B,СЕДАН,Бампер задний,Задній бампер,Rear bumper
B,СЕДАН,Бампер передний,Передній бампер,Front bumper
B,СЕДАН,Дверь передняя левая,Передні ліві двері,Front left door
B,СЕДАН,Дверь передняя правая,Передні праві двері,Front right door
B,СЕДАН,Дверь задняя левая,Задні ліві двері,Rear left door
B,СЕДАН,Дверь задняя правая,Задні праві двері,Rear right door
B,СЕДАН,Капот,Капот,Hood
B,СЕДАН,Крыло заднее левое,Заднє ліве крило,Rear left fender
B,СЕДАН,Крыло заднее правое,Заднє праве крило,Rear right fender
B,СЕДАН,Крыло переднее левое,Переднє ліве крило,Front left fender
B,СЕДАН,Крыло переднее правое,Переднє праве крило,Front right fender
B,СЕДАН,Крыша,Дах,Roof
B,СЕДАН,Крышка багажника,Кришка багажника,Trunk lid
B,УНИВЕРСАЛ,Бампер задний,Задній бампер,Rear bumper
B,УНИВЕРСАЛ,Бампер передний,Передній бампер,Front bumper
B,УНИВЕРСАЛ,Дверь передняя левая,Передні ліві двері,Front left door
B,УНИВЕРСАЛ,Дверь передняя правая,Передні праві двері,Front right door
B,УНИВЕРСАЛ,Дверь задняя левая,Задні ліві двері,Rear left door
B,УНИВЕРСАЛ,Дверь задняя правая,Задні праві двері,Rear right door
B,УНИВЕРСАЛ,Капот,Капот,Hood
B,УНИВЕРСАЛ,Крыло заднее левое,Заднє ліве крило,Rear left fender
B,УНИВЕРСАЛ,Крыло заднее правое,Заднє праве крило,Rear right fender
B,УНИВЕРСАЛ,Крыло переднее левое,Переднє ліве крило,Front left fender
B,УНИВЕРСАЛ,Крыло переднее правое,Переднє праве крило,Front right fender
B,УНИВЕРСАЛ,Крыша,Дах,Roof
B,УНИВЕРСАЛ,Крышка багажника,Кришка багажника,Trunk lid
B,ХЕТЧБЕК 3 двери,Бампер задний,Задній бампер,Rear bumper
B,ХЕТЧБЕК 3 двери,Бампер передний,Передній бампер,Front bumper
B,ХЕТЧБЕК 3 двери,Дверь левая,Ліва двері,Left door
B,ХЕТЧБЕК 3 двери,Дверь правая,Права двері,Right door
B,ХЕТЧБЕК 3 двери,Капот,Капот,Hood
B,ХЕТЧБЕК 3 двери,Крыло заднее левое,Заднє ліве крило,Rear left fender
B,ХЕТЧБЕК 3 двери,Крыло заднее правое,Заднє праве крило,Rear right fender
B,ХЕТЧБЕК 3 двери,Крыло переднее левое,Переднє ліве крило,Front left fender
B,ХЕТЧБЕК 3 двери,Крыло переднее правое,Переднє праве крило,Front right fender
B,ХЕТЧБЕК 3 двери,Крыша,Дах,Roof
B,ХЕТЧБЕК 3 двери,Крышка багажника,Кришка багажника,Trunk lid
B,ХЕТЧБЕК 5 дверей,Бампер задний,Задній бампер,Rear bumper
B,ХЕТЧБЕК 5 дверей,Бампер передний,Передній бампер,Front bumper
B,ХЕТЧБЕК 5 дверей,Дверь передняя левая,Передні ліві двері,Front left door
B,ХЕТЧБЕК 5 дверей,Дверь передняя правая,Передні праві двері,Front right door
B,ХЕТЧБЕК 5 дверей,Дверь задняя левая,Задні ліві двері,Rear left door
B,ХЕТЧБЕК 5 дверей,Дверь задняя правая,Задні праві двері,Rear right door
B,ХЕТЧБЕК 5 дверей,Капот,Капот,Hood
B,ХЕТЧБЕК 5 дверей,Крыло заднее левое,Заднє ліве крило,Rear left fender
B,ХЕТЧБЕК 5 дверей,Крыло заднее правое,Заднє праве крило,Rear right fender
B,ХЕТЧБЕК 5 дверей,Крыло переднее левое,Переднє ліве крило,Front left fender
B,ХЕТЧБЕК 5 дверей,Крыло переднее правое,Переднє праве крило,Front right fender
B,ХЕТЧБЕК 5 дверей,Крыша,Дах,Roof
B,ХЕТЧБЕК 5 дверей,Крышка багажника,Кришка багажника,Trunk lid
C,КУПЕ,Бампер задний,Задній бампер,Rear bumper
C,КУПЕ,Бампер передний,Передній бампер,Front bumper
C,КУПЕ,Дверь левая,Ліва двері,Left door
C,КУПЕ,Дверь правая,Права двері,Right door
C,КУПЕ,Капот,Капот,Hood
C,КУПЕ,Крыло заднее левое,Заднє ліве крило,Rear left fender
C,КУПЕ,Крыло заднее правое,Заднє праве крило,Rear right fender
C,КУПЕ,Крыло переднее левое,Переднє ліве крило,Front left fender
C,КУПЕ,Крыло переднее правое,Переднє праве крило,Front right fender
C,КУПЕ,Крыша,Дах,Roof
C,КУПЕ,Крышка багажника,Кришка багажника,Trunk lid
C,ЛИФТБЭК 5 дверей,Бампер задний,Задній бампер,Rear bumper
C,ЛИФТБЭК 5 дверей,Бампер передний,Передній бампер,Front bumper
C,ЛИФТБЭК 5 дверей,Дверь передняя левая,Передні ліві двері,Front left door
C,ЛИФТБЭК 5 дверей,Дверь передняя правая,Передні праві двері,Front right door
C,ЛИФТБЭК 5 дверей,Дверь задняя левая,Задні ліві двері,Rear left door
C,ЛИФТБЭК 5 дверей,Дверь задняя правая,Задні праві двері,Rear right door
C,ЛИФТБЭК 5 дверей,Капот,Капот,Hood
C,ЛИФТБЭК 5 дверей,Крыло заднее левое,Заднє ліве крило,Rear left fender
C,ЛИФТБЭК 5 дверей,Крыло заднее правое,Заднє праве крило,Rear right fender
C,ЛИФТБЭК 5 дверей,Крыло переднее левое,Переднє ліве крило,Front left fender
C,ЛИФТБЭК 5 дверей,Крыло переднее правое,Переднє праве крило,Front right fender
C,ЛИФТБЭК 5 дверей,Крыша,Дах,Roof
C,ЛИФТБЭК 5 дверей,Крышка багажника,Кришка багажника,Trunk lid
C,СЕДАН,Бампер задний,Задній бампер,Rear bumper
C,СЕДАН,Бампер передний,Передній бампер,Front bumper
C,СЕДАН,Дверь передняя левая,Передні ліві двері,Front left door
C,СЕДАН,Дверь передняя правая,Передні праві двері,Front right door
C,СЕДАН,Дверь задняя левая,Задні ліві двері,Rear left door
C,СЕДАН,Дверь задняя правая,Задні праві двері,Rear right door
C,СЕДАН,Капот,Капот,Hood
C,СЕДАН,Крыло заднее левое,Заднє ліве крило,Rear left fender
C,СЕДАН,Крыло заднее правое,Заднє праве крило,Rear right fender
C,СЕДАН,Крыло переднее левое,Переднє ліве крило,Front left fender
C,СЕДАН,Крыло переднее правое,Переднє праве крило,Front right fender
C,СЕДАН,Крыша,Дах,Roof
C,СЕДАН,Крышка багажника,Кришка багажника,Trunk lid
C,УНИВЕРСАЛ,Бампер задний,Задній бампер,Rear bumper
C,УНИВЕРСАЛ,Бампер передний,Передній бампер,Front bumper
C,УНИВЕРСАЛ,Дверь передняя левая,Передні ліві двері,Front left door
C,УНИВЕРСАЛ,Дверь передняя правая,Передні праві двері,Front right door
C,УНИВЕРСАЛ,Дверь задняя левая,Задні ліві двері,Rear left door
C,УНИВЕРСАЛ,Дверь задняя правая,Задні праві двері,Rear right door
C,УНИВЕРСАЛ,Капот,Капот,Hood
C,УНИВЕРСАЛ,Крыло заднее левое,Заднє ліве крило,Rear left fender
C,УНИВЕРСАЛ,Крыло заднее правое,Заднє праве крило,Rear right fender
C,УНИВЕРСАЛ,Крыло переднее левое,Переднє ліве крило,Front left fender
C,УНИВЕРСАЛ,Крыло переднее правое,Переднє праве крило,Front right fender
C,УНИВЕРСАЛ,Крыша,Дах,Roof
C,УНИВЕРСАЛ,Крышка багажника,Кришка багажника,Trunk lid
C,ХЕТЧБЕК 3 двери,Бампер задний,Задній бампер,Rear bumper
C,ХЕТЧБЕК 3 двери,Бампер передний,Передній бампер,Front bumper
C,ХЕТЧБЕК 3 двери,Дверь левая,Ліва двері,Left door
C,ХЕТЧБЕК 3 двери,Дверь правая,Права двері,Right door
C,ХЕТЧБЕК 3 двери,Капот,Капот,Hood
C,ХЕТЧБЕК 3 двери,Крыло заднее левое,Заднє ліве крило,Rear left fender
C,ХЕТЧБЕК 3 двери,Крыло заднее правое,Заднє праве крило,Rear right fender
C,ХЕТЧБЕК 3 двери,Крыло переднее левое,Переднє ліве крило,Front left fender
C,ХЕТЧБЕК 3 двери,Крыло переднее правое,Переднє праве крило,Front right fender
C,ХЕТЧБЕК 3 двери,Крыша,Дах,Roof
C,ХЕТЧБЕК 3 двери,Крышка багажника,Кришка багажника,Trunk lid
C,ХЕТЧБЕК 5 дверей,Бампер задний,Задній бампер,Rear bumper
C,ХЕТЧБЕК 5 дверей,Бампер передний,Передній бампер,Front bumper
C,ХЕТЧБЕК 5 дверей,Дверь передняя левая,Передні ліві двері,Front left door
C,ХЕТЧБЕК 5 дверей,Дверь передняя правая,Передні праві двері,Front right door
C,ХЕТЧБЕК 5 дверей,Дверь задняя левая,Задні ліві двері,Rear left door
C,ХЕТЧБЕК 5 дверей,Дверь задняя правая,Задні праві двері,Rear right door
C,ХЕТЧБЕК 5 дверей,Капот,Капот,Hood
C,ХЕТЧБЕК 5 дверей,Крыло заднее левое,Заднє ліве крило,Rear left fender
C,ХЕТЧБЕК 5 дверей,Крыло заднее правое,Заднє праве крило,Rear right fender
C,ХЕТЧБЕК 5 дверей,Крыло переднее левое,Переднє ліве крило,Front left fender
C,ХЕТЧБЕК 5 дверей,Крыло переднее правое,Переднє праве крило,Front right fender
C,ХЕТЧБЕК 5 дверей,Крыша,Дах,Roof
C,ХЕТЧБЕК 5 дверей,Крышка багажника,Кришка багажника,Trunk lid
D,КУПЕ,Бампер задний,Задній бампер,Rear bumper
D,КУПЕ,Бампер передний,Передній бампер,Front bumper
D,КУПЕ,Дверь левая,Ліва двері,Left door
D,КУПЕ,Дверь правая,Права двері,Right door
D,КУПЕ,Капот,Капот,Hood
D,КУПЕ,Крыло заднее левое,Заднє ліве крило,Rear left fender
D,КУПЕ,Крыло заднее правое,Заднє праве крило,Rear right fender
D,КУПЕ,Крыло переднее левое,Переднє ліве крило,Front left fender
D,КУПЕ,Крыло переднее правое,Переднє праве крило,Front right fender
D,КУПЕ,Крыша,Дах,Roof
D,КУПЕ,Крышка багажника,Кришка багажника,Trunk lid
D,ЛИФТБЭК 5 дверей,Бампер задний,Задній бампер,Rear bumper
D,ЛИФТБЭК 5 дверей,Бампер передний,Передній бампер,Front bumper
D,ЛИФТБЭК 5 дверей,Дверь передняя левая,Передні ліві двері,Front left door
D,ЛИФТБЭК 5 дверей,Дверь передняя правая,Передні праві двері,Front right door
D,ЛИФТБЭК 5 дверей,Дверь задняя левая,Задні ліві двері,Rear left door
D,ЛИФТБЭК 5 дверей,Дверь задняя правая,Задні праві двері,Rear right door
D,ЛИФТБЭК 5 дверей,Капот,Капот,Hood
D,ЛИФТБЭК 5 дверей,Крыло заднее левое,Заднє ліве крило,Rear left fender
D,ЛИФТБЭК 5 дверей,Крыло заднее правое,Заднє праве крило,Rear right fender
D,ЛИФТБЭК 5 дверей,Крыло переднее левое,Переднє ліве крило,Front left fender
D,ЛИФТБЭК 5 дверей,Крыло переднее правое,Переднє праве крило,Front right fender
D,ЛИФТБЭК 5 дверей,Крыша,Дах,Roof
D,ЛИФТБЭК 5 дверей,Крышка багажника,Кришка багажника,Trunk lid
D,СЕДАН,Бампер задний,Задній бампер,Rear bumper
D,СЕДАН,Бампер передний,Передній бампер,Front bumper
D,СЕДАН,Дверь передняя левая,Передні ліві двері,Front left door
D,СЕДАН,Дверь передняя правая,Передні праві двері,Front right door
D,СЕДАН,Дверь задняя левая,Задні ліві двері,Rear left door
D,СЕДАН,Дверь задняя правая,Задні праві двері,Rear right door
D,СЕДАН,Капот,Капот,Hood
D,СЕДАН,Крыло заднее левое,Заднє ліве крило,Rear left fender
D,СЕДАН,Крыло заднее правое,Заднє праве крило,Rear right fender
D,СЕДАН,Крыло переднее левое,Переднє ліве крило,Front left fender
D,СЕДАН,Крыло переднее правое,Переднє праве крило,Front right fender
D,СЕДАН,Крыша,Дах,Roof
D,СЕДАН,Крышка багажника,Кришка багажника,Trunk lid
D,УНИВЕРСАЛ,Бампер задний,Задній бампер,Rear bumper
D,УНИВЕРСАЛ,Бампер передний,Передній бампер,Front bumper
D,УНИВЕРСАЛ,Дверь передняя левая,Передні ліві двері,Front left door
D,УНИВЕРСАЛ,Дверь передняя правая,Передні праві двері,Front right door
D,УНИВЕРСАЛ,Дверь задняя левая,Задні ліві двері,Rear left door
D,УНИВЕРСАЛ,Дверь задняя правая,Задні праві двері,Rear right door
D,УНИВЕРСАЛ,Капот,Капот,Hood
D,УНИВЕРСАЛ,Крыло заднее левое,Заднє ліве крило,Rear left fender
D,УНИВЕРСАЛ,Крыло заднее правое,Заднє праве крило,Rear right fender
D,УНИВЕРСАЛ,Крыло переднее левое,Переднє ліве крило,Front left fender
D,УНИВЕРСАЛ,Крыло переднее правое,Переднє праве крило,Front right fender
D,УНИВЕРСАЛ,Крыша,Дах,Roof
D,УНИВЕРСАЛ,Крышка багажника,Кришка багажника,Trunk lid
D,ХЕТЧБЕК 3 двери,Бампер задний,Задній бампер,Rear bumper
D,ХЕТЧБЕК 3 двери,Бампер передний,Передній бампер,Front bumper
D,ХЕТЧБЕК 3 двери,Дверь левая,Ліва двері,Left door
D,ХЕТЧБЕК 3 двери,Дверь правая,Права двері,Right door
D,ХЕТЧБЕК 3 двери,Капот,Капот,Hood
D,ХЕТЧБЕК 3 двери,Крыло заднее левое,Заднє ліве крило,Rear left fender
D,ХЕТЧБЕК 3 двери,Крыло заднее правое,Заднє праве крило,Rear right fender
D,ХЕТЧБЕК 3 двери,Крыло переднее левое,Переднє ліве крило,Front left fender
D,ХЕТЧБЕК 3 двери,Крыло переднее правое,Переднє праве крило,Front right fender
D,ХЕТЧБЕК 3 двери,Крыша,Дах,Roof
D,ХЕТЧБЕК 3 двери,Крышка багажника,Кришка багажника,Trunk lid
D,ХЕТЧБЕК 5 дверей,Бампер задний,Задній бампер,Rear bumper
D,ХЕТЧБЕК 5 дверей,Бампер передний,Передній бампер,Front bumper
D,ХЕТЧБЕК 5 дверей,Дверь передняя левая,Передні ліві двері,Front left door
D,ХЕТЧБЕК 5 дверей,Дверь передняя правая,Передні праві двері,Front right door
D,ХЕТЧБЕК 5 дверей,Дверь задняя левая,Задні ліві двері,Rear left door
D,ХЕТЧБЕК 5 дверей,Дверь задняя правая,Задні праві двері,Rear right door
D,ХЕТЧБЕК 5 дверей,Капот,Капот,Hood
D,ХЕТЧБЕК 5 дверей,Крыло заднее левое,Заднє ліве крило,Rear left fender
D,ХЕТЧБЕК 5 дверей,Крыло заднее правое,Заднє праве крило,Rear right fender
D,ХЕТЧБЕК 5 дверей,Крыло переднее левое,Переднє ліве крило,Front left fender
D,ХЕТЧБЕК 5 дверей,Крыло переднее правое,Переднє праве крило,Front right fender
D,ХЕТЧБЕК 5 дверей,Крыша,Дах,Roof
D,ХЕТЧБЕК 5 дверей,Крышка багажника,Кришка багажника,Trunk lid
E,ЛИФТБЭК 5 дверей,Бампер задний,Задній бампер,Rear bumper
E,ЛИФТБЭК 5 дверей,Бампер передний,Передній бампер,Front bumper
E,ЛИФТБЭК 5 дверей,Дверь передняя левая,Передні ліві двері,Front left door
E,ЛИФТБЭК 5 дверей,Дверь передняя правая,Передні праві двері,Front right door
E,ЛИФТБЭК 5 дверей,Дверь задняя левая,Задні ліві двері,Rear left door
E,ЛИФТБЭК 5 дверей,Дверь задняя правая,Задні праві двері,Rear right door
E,ЛИФТБЭК 5 дверей,Капот,Капот,Hood
E,ЛИФТБЭК 5 дверей,Крыло заднее левое,Заднє ліве крило,Rear left fender
E,ЛИФТБЭК 5 дверей,Крыло заднее правое,Заднє праве крило,Rear right fender
E,ЛИФТБЭК 5 дверей,Крыло переднее левое,Переднє ліве крило,Front left fender
E,ЛИФТБЭК 5 дверей,Крыло переднее правое,Переднє праве крило,Front right fender
E,ЛИФТБЭК 5 дверей,Крыша,Дах,Roof
E,ЛИФТБЭК 5 дверей,Крышка багажника,Кришка багажника,Trunk lid
E,СЕДАН,Бампер задний,Задній бампер,Rear bumper
E,СЕДАН,Бампер передний,Передній бампер,Front bumper
E,СЕДАН,Дверь передняя левая,Передні ліві двері,Front left door
E,СЕДАН,Дверь передняя правая,Передні праві двері,Front right door
E,СЕДАН,Дверь задняя левая,Задні ліві двері,Rear left door
E,СЕДАН,Дверь задняя правая,Задні праві двері,Rear right door
E,СЕДАН,Капот,Капот,Hood
E,СЕДАН,Крыло заднее левое,Заднє ліве крило,Rear left fender
E,СЕДАН,Крыло заднее правое,Заднє праве крило,Rear right fender
E,СЕДАН,Крыло переднее левое,Переднє ліве крило,Front left fender
E,СЕДАН,Крыло переднее правое,Переднє праве крило,Front right fender
E,СЕДАН,Крыша,Дах,Roof
E,СЕДАН,Крышка багажника,Кришка багажника,Trunk lid
E,УНИВЕРСАЛ,Бампер задний,Задній бампер,Rear bumper
E,УНИВЕРСАЛ,Бампер передний,Передній бампер,Front bumper
E,УНИВЕРСАЛ,Дверь передняя левая,Передні ліві двері,Front left door
E,УНИВЕРСАЛ,Дверь передняя правая,Передні праві двері,Front right door
E,УНИВЕРСАЛ,Дверь задняя левая,Задні ліві двері,Rear left door
E,УНИВЕРСАЛ,Дверь задняя правая,Задні праві двері,Rear right door
E,УНИВЕРСАЛ,Капот,Капот,Hood
E,УНИВЕРСАЛ,Крыло заднее левое,Заднє ліве крило,Rear left fender
E,УНИВЕРСАЛ,Крыло заднее правое,Заднє праве крило,Rear right fender
E,УНИВЕРСАЛ,Крыло переднее левое,Переднє ліве крило,Front left fender
E,УНИВЕРСАЛ,Крыло переднее правое,Переднє праве крило,Front right fender
E,УНИВЕРСАЛ,Крыша,Дах,Roof
E,УНИВЕРСАЛ,Крышка багажника,Кришка багажника,Trunk lid
F,СЕДАН,Бампер задний,Задній бампер,Rear bumper
F,СЕДАН,Бампер передний,Передній бампер,Front bumper
F,СЕДАН,Дверь передняя левая,Передні ліві двері,Front left door
F,СЕДАН,Дверь передняя правая,Передні праві двері,Front right door
F,СЕДАН,Дверь задняя левая,Задні ліві двері,Rear left door
F,СЕДАН,Дверь задняя правая,Задні праві двері,Rear right door
F,СЕДАН,Капот,Капот,Hood
F,СЕДАН,Крыло заднее левое,Заднє ліве крило,Rear left fender
F,СЕДАН,Крыло заднее правое,Заднє праве крило,Rear right fender
F,СЕДАН,Крыло переднее левое,Переднє ліве крило,Front left fender
F,СЕДАН,Крыло переднее правое,Переднє праве крило,Front right fender
F,СЕДАН,Крыша,Дах,Roof
F,СЕДАН,Крышка багажника,Кришка багажника,Trunk lid
F,УНИВЕРСАЛ,Бампер задний,Задній бампер,Rear bumper
F,УНИВЕРСАЛ,Бампер передний,Передній бампер,Front bumper
F,УНИВЕРСАЛ,Дверь передняя левая,Передні ліві двері,Front left door
F,УНИВЕРСАЛ,Дверь передняя правая,Передні праві двері,Front right door
F,УНИВЕРСАЛ,Дверь задняя левая,Задні ліві двері,Rear left door
F,УНИВЕРСАЛ,Дверь задняя правая,Задні праві двері,Rear right door
F,УНИВЕРСАЛ,Капот,Капот,Hood
F,УНИВЕРСАЛ,Крыло заднее левое,Заднє ліве крило,Rear left fender
F,УНИВЕРСАЛ,Крыло заднее правое,Заднє праве крило,Rear right fender
F,УНИВЕРСАЛ,Крыло переднее левое,Переднє ліве крило,Front left fender
F,УНИВЕРСАЛ,Крыло переднее правое,Переднє праве крило,Front right fender
F,УНИВЕРСАЛ,Крыша,Дах,Roof
F,УНИВЕРСАЛ,Крышка багажника,Кришка багажника,Trunk lid
SUV 1,ВНЕДОРОЖНИК 3 дверный,Бампер задний,Задній бампер,Rear bumper
SUV 1,ВНЕДОРОЖНИК 3 дверный,Дверь левая,Ліва двері,Left door
SUV 1,ВНЕДОРОЖНИК 3 дверный,Дверь правая,Права двері,Right door
SUV 1,ВНЕДОРОЖНИК 3 дверный,Капот,Капот,Hood
SUV 1,ВНЕДОРОЖНИК 3 дверный,Крыло заднее левое,Заднє ліве крило,Rear left fender
SUV 1,ВНЕДОРОЖНИК 3 дверный,Крыло заднее правое,Заднє праве крило,Rear right fender
SUV 1,ВНЕДОРОЖНИК 3 дверный,Крыло переднее левое,Переднє ліве крило,Front left fender
SUV 1,ВНЕДОРОЖНИК 3 дверный,Крыло переднее правое,Переднє праве крило,Front right fender
SUV 1,ВНЕДОРОЖНИК 3 дверный,Крыша,Дах,Roof
SUV 1,ВНЕДОРОЖНИК 3 дверный,Крышка багажника,Кришка багажника,Trunk lid
SUV 1,ВНЕДОРОЖНИК 5 дверный,Бампер задний,Задній бампер,Rear bumper
SUV 1,ВНЕДОРОЖНИК 5 дверный,Дверь передняя левая,Передні ліві двері,Front left door
SUV 1,ВНЕДОРОЖНИК 5 дверный,Дверь передняя правая,Передні праві двері,Front right door
SUV 1,ВНЕДОРОЖНИК 5 дверный,Дверь задняя левая,Задні ліві двері,Rear left door
SUV 1,ВНЕДОРОЖНИК 5 дверный,Дверь задняя правая,Задні праві двері,Rear right door
SUV 1,ВНЕДОРОЖНИК 5 дверный,Капот,Капот,Hood
SUV 1,ВНЕДОРОЖНИК 5 дверный,Крыло заднее левое,Заднє ліве крило,Rear left fender
SUV 1,ВНЕДОРОЖНИК 5 дверный,Крыло заднее правое,Заднє праве крило,Rear right fender
SUV 1,ВНЕДОРОЖНИК 5 дверный,Крыло переднее левое,Переднє ліве крило,Front left fender
SUV 1,ВНЕДОРОЖНИК 5 дверный,Крыло переднее правое,Переднє праве крило,Front right fender
SUV 1,ВНЕДОРОЖНИК 5 дверный,Крыша,Дах,Roof
SUV 1,ВНЕДОРОЖНИК 5 дверный,Крышка багажника,Кришка багажника,Trunk lid
SUV 1,ВНЕДОРОЖНИК 3 дверный,Бампер передний,Передній бампер,Front bumper
SUV 1,ВНЕДОРОЖНИК 5 дверный,Бампер передний,Передній бампер,Front bumper
SUV 2,ВНЕДОРОЖНИК 3 дверный,Бампер задний,Задній бампер,Rear bumper
SUV 2,ВНЕДОРОЖНИК 3 дверный,Бампер передний,Передній бампер,Front bumper
SUV 2,ВНЕДОРОЖНИК 3 дверный,Дверь левая,Ліва двері,Left door
SUV 2,ВНЕДОРОЖНИК 3 дверный,Дверь правая,Права двері,Right door
SUV 2,ВНЕДОРОЖНИК 3 дверный,Капот,Капот,Hood
SUV 2,ВНЕДОРОЖНИК 3 дверный,Крыло заднее левое,Заднє ліве крило,Rear left fender
SUV 2,ВНЕДОРОЖНИК 3 дверный,Крыло заднее правое,Заднє праве крило,Rear right fender
SUV 2,ВНЕДОРОЖНИК 3 дверный,Крыло переднее левое,Переднє ліве крило,Front left fender
SUV 2,ВНЕДОРОЖНИК 3 дверный,Крыло переднее правое,Переднє праве крило,Front right fender
SUV 2,ВНЕДОРОЖНИК 3 дверный,Крыша,Дах,Roof
SUV 2,ВНЕДОРОЖНИК 3 дверный,Крышка багажника,Кришка багажника,Trunk lid
SUV 2,ВНЕДОРОЖНИК 5 дверный,Дверь передняя левая,Передні ліві двері,Front left door
SUV 2,ВНЕДОРОЖНИК 5 дверный,Дверь задняя левая,Задні ліві двері,Rear left door
SUV 2,ВНЕДОРОЖНИК 5 дверный,Дверь задняя правая,Задні праві двері,Rear right door
SUV 2,ВНЕДОРОЖНИК 5 дверный,Капот,Капот,Hood
SUV 2,ВНЕДОРОЖНИК 5 дверный,Крыло заднее левое,Заднє ліве крило,Rear left fender
SUV 2,ВНЕДОРОЖНИК 5 дверный,Крыло заднее правое,Заднє праве крило,Rear right fender
SUV 2,ВНЕДОРОЖНИК 5 дверный,Крыша,Дах,Roof
SUV 2,ВНЕДОРОЖНИК 5 дверный,Крышка багажника,Кришка багажника,Trunk lid
SUV 2,ПИКАП,Бампер задний,Задній бампер,Rear bumper
SUV 2,ПИКАП,Бампер передний,Передній бампер,Front bumper
SUV 2,ПИКАП,Боковина левая,Ліва боковина,Left side panel
SUV 2,ПИКАП,Боковина правая,Права боковина,Right side panel
SUV 2,ПИКАП,Дверь левая,Ліва двері,Left door
SUV 2,ПИКАП,Дверь правая,Права двері,Right door
SUV 2,ПИКАП,Капот,Капот,Hood
SUV 2,ПИКАП,Крыло переднее левое,Переднє ліве крило,Front left fender
SUV 2,ПИКАП,Крыло переднее правое,Переднє праве крило,Front right fender
SUV 2,ПИКАП,Крыша,Дах,Roof
SUV 2,ПИКАП,Крыша багажника,Дах багажника,Cargo roof
SUV 2,ПИКАП,Крышка багажника,Кришка багажника,Trunk lid
SUV 3,ВНЕДОРОЖНИК 3 дверный,Бампер задний,Задній бампер,Rear bumper
SUV 3,ВНЕДОРОЖНИК 3 дверный,Бампер передний,Передній бампер,Front bumper
SUV 3,ВНЕДОРОЖНИК 3 дверный,Дверь левая,Ліва двері,Left door
SUV 3,ВНЕДОРОЖНИК 3 дверный,Дверь правая,Права двері,Right door
SUV 3,ВНЕДОРОЖНИК 3 дверный,Капот,Капот,Hood
SUV 3,ВНЕДОРОЖНИК 3 дверный,Крыло заднее левое,Заднє ліве крило,Rear left fender
SUV 3,ВНЕДОРОЖНИК 3 дверный,Крыло заднее правое,Заднє праве крило,Rear right fender
SUV 3,ВНЕДОРОЖНИК 3 дверный,Крыло переднее левое,Переднє ліве крило,Front left fender
SUV 3,ВНЕДОРОЖНИК 3 дверный,Крыло переднее правое,Переднє праве крило,Front right fender
SUV 3,ВНЕДОРОЖНИК 3 дверный,Крыша,Дах,Roof
SUV 3,ВНЕДОРОЖНИК 3 дверный,Крышка багажника,Кришка багажника,Trunk lid
SUV 3,ВНЕДОРОЖНИК 5 дверный,Дверь передняя левая,Передні ліві двері,Front left door
SUV 3,ВНЕДОРОЖНИК 5 дверный,Дверь задняя левая,Задні ліві двері,Rear left door
SUV 3,ВНЕДОРОЖНИК 5 дверный,Дверь задняя правая,Задні праві двері,Rear right door
SUV 3,ВНЕДОРОЖНИК 5 дверный,Капот,Капот,Hood
SUV 3,ВНЕДОРОЖНИК 5 дверный,Крыло заднее левое,Заднє ліве крило,Rear left fender
SUV 3,ВНЕДОРОЖНИК 5 дверный,Крыло заднее правое,Заднє праве крило,Rear right fender
SUV 3,ВНЕДОРОЖНИК 5 дверный,Крыша,Дах,Roof
SUV 3,ВНЕДОРОЖНИК 5 дверный,Крышка багажника,Кришка багажника,Trunk lid
SUV 3,ПИКАП,Бампер задний,Задній бампер,Rear bumper
SUV 3,ПИКАП,Бампер передний,Передній бампер,Front bumper
SUV 3,ПИКАП,Боковина левая,Ліва боковина,Left side panel
SUV 3,ПИКАП,Боковина правая,Права боковина,Right side panel
SUV 3,ПИКАП,Дверь левая,Ліва двері,Left door
SUV 3,ПИКАП,Дверь правая,Права двері,Right door
SUV 3,ПИКАП,Капот,Капот,Hood
SUV 3,ПИКАП,Крыло переднее левое,Переднє ліве крило,Front left fender
SUV 3,ПИКАП,Крыло переднее правое,Переднє праве крило,Front right fender
SUV 3,ПИКАП,Крыша,Дах,Roof
SUV 3,ПИКАП,Крыша багажника,Дах багажника,Cargo roof
SUV 3,ПИКАП,Крышка багажника,Кришка багажника,Trunk lid
SUV MAX,ВНЕДОРОЖНИК 3 дверный,Бампер задний,Задній бампер,Rear bumper
SUV MAX,ВНЕДОРОЖНИК 3 дверный,Бампер передний,Передній бампер,Front bumper
SUV MAX,ВНЕДОРОЖНИК 3 дверный,Дверь левая,Ліва двері,Left door
SUV MAX,ВНЕДОРОЖНИК 3 дверный,Дверь правая,Права двері,Right door
SUV MAX,ВНЕДОРОЖНИК 3 дверный,Капот,Капот,Hood
SUV MAX,ВНЕДОРОЖНИК 3 дверный,Крыло заднее левое,Заднє ліве крило,Rear left fender
SUV MAX,ВНЕДОРОЖНИК 3 дверный,Крыло заднее правое,Заднє праве крило,Rear right fender
SUV MAX,ВНЕДОРОЖНИК 3 дверный,Крыло переднее левое,Переднє ліве крило,Front left fender
SUV MAX,ВНЕДОРОЖНИК 3 дверный,Крыло переднее правое,Переднє праве крило,Front right fender
SUV MAX,ВНЕДОРОЖНИК 3 дверный,Крыша,Дах,Roof
SUV MAX,ВНЕДОРОЖНИК 3 дверный,Крышка багажника,Кришка багажника,Trunk lid
SUV MAX,ВНЕДОРОЖНИК 5 дверный,Дверь передняя левая,Передні ліві двері,Front left door
SUV MAX,ВНЕДОРОЖНИК 5 дверный,Дверь задняя левая,Задні ліві двері,Rear left door
SUV MAX,ВНЕДОРОЖНИК 5 дверный,Дверь задняя правая,Задні праві двері,Rear right door
SUV MAX,ВНЕДОРОЖНИК 5 дверный,Капот,Капот,Hood
SUV MAX,ВНЕДОРОЖНИК 5 дверный,Крыло заднее левое,Заднє ліве крило,Rear left fender
SUV MAX,ВНЕДОРОЖНИК 5 дверный,Крыло заднее правое,Заднє праве крило,Rear right fender
SUV MAX,ВНЕДОРОЖНИК 5 дверный,Крыша,Дах,Roof
SUV MAX,ВНЕДОРОЖНИК 5 дверный,Крышка багажника,Кришка багажника,Trunk lid
SUV MAX,ПИКАП,Бампер задний,Задній бампер,Rear bumper
SUV MAX,ПИКАП,Бампер передний,Передній бампер,Front bumper
SUV MAX,ПИКАП,Боковина левая,Ліва боковина,Left side panel
SUV MAX,ПИКАП,Боковина правая,Права боковина,Right side panel
SUV MAX,ПИКАП,Дверь левая,Ліва двері,Left door
SUV MAX,ПИКАП,Дверь правая,Права двері,Right door
SUV MAX,ПИКАП,Капот,Капот,Hood
SUV MAX,ПИКАП,Крыло переднее левое,Переднє ліве крило,Front left fender
SUV MAX,ПИКАП,Крыло переднее правое,Переднє праве крило,Front right fender
SUV MAX,ПИКАП,Крыша,Дах,Roof
SUV MAX,ПИКАП,Крыша багажника,Дах багажника,Cargo roof
SUV MAX,ПИКАП,Крышка багажника,Кришка багажника,Trunk lid
